plate_id,garden,meso_id,soil,seed_id,intact_seeds,seed_code,plating_date,germination_date,fungi_date_type,death_date,obs,notes,Treat,symptoms_num,germinated_num,home_away
301,SUM,4,CR,TI,1,A,7/9/2026,NA,7/14-F,NA,HL,"pink, fluffy, greyish",DEAD,1,0,away
300,SUM,4,CR,BB,4,A,7/9/2026,NA,NA,NA,HL,"seeds not symptomatic but plate is contaminated, brownish",DEAD,0,0,away
300,SUM,4,CR,BB,4,B,7/9/2026,NA,NA,NA,HL,"seeds not symptomatic but plate is contaminated, brownish",DEAD,0,0,away
300,SUM,4,CR,BB,4,C,7/9/2026,NA,NA,NA,HL,"seeds not symptomatic but plate is contaminated, brownish",DEAD,0,0,away
300,SUM,4,CR,BB,4,D,7/10/2026,NA,NA,NA,HL,NA,DEAD,0,0,away
302,SUM,5,NG,NG,3,A,7/10/2026,NA,7/14-F,NA,HL,dark brown fungi with spots,LIVE,1,0,home
302,SUM,5,NG,NG,3,B,7/10/2026,NA,NA,NA,HL,NA,LIVE,0,0,home
302,SUM,5,NG,NG,3,C,7/10/2026,NA,7/14-F,NA,HL,brown grey spots,LIVE,1,0,home
303,SUM,5,NG,RC,6,A,7/10/2026,NA,7/22-O,NA,HL,"brown , not fluffy but has orangish spots",LIVE,1,0,away
303,SUM,5,NG,RC,6,B,7/10/2026,NA,7/22-O,NA,HL,"brown, not fluffy but has orangish spots",LIVE,1,0,away
303,SUM,5,NG,RC,6,C,7/10/2026,NA,NA,NA,HL,NA,LIVE,0,0,away
303,SUM,5,NG,RC,6,D,7/10/2026,NA,7/14-O,NA,HL,gluey brown circular,LIVE,1,0,away
303,SUM,5,NG,RC,6,E,7/10/2026,NA,7/14-O,NA,HL,gluey brown circular,LIVE,1,0,away
303,SUM,5,NG,RC,6,F,7/10/2026,NA,NA,NA,HL,NA,LIVE,0,0,away
304,SUM,6,BB,BB,10,A,7/10/2026,NA,NA,NA,HL,NA,LIVE,0,0,home
304,SUM,6,BB,BB,10,B,7/10/2026,NA,7/14-O,NA,HL,NA,LIVE,1,0,home
304,SUM,6,BB,BB,10,C,7/10/2026,NA,NA,NA,HL,"white gluey circular, seed still okay",LIVE,0,0,home
304,SUM,6,BB,BB,10,D,7/10/2026,NA,NA,NA,HL,NA,LIVE,0,0,home
304,SUM,6,BB,BB,10,E,7/10/2026,NA,NA,NA,HL,NA,LIVE,0,0,home
304,SUM,6,BB,BB,10,F,7/10/2026,NA,7/17-O,NA,HL,"white gluey circular, seed still okay",LIVE,1,0,home
304,SUM,6,BB,BB,10,G,7/10/2026,NA,7/14-O,NA,HL,"white gluey circular, seed still okay",LIVE,1,0,home
304,SUM,6,BB,BB,10,H,7/10/2026,NA,7/14-O,NA,HL,"white gluey circular, seed still okay",LIVE,1,0,home
304,SUM,6,BB,BB,10,I,7/10/2026,NA,7/14-O,NA,HL,"white gluey circular, seed still okay",LIVE,1,0,home
304,SUM,6,BB,BB,10,J,7/10/2026,NA,7/17-O,NA,HL,"white gluey circular, seed still okay",LIVE,1,0,home
305,SUM,6,BB,RC,3,A,7/10/2026,NA,NA,NA,HL,NA,LIVE,0,0,away
305,SUM,6,BB,RC,3,B,7/10/2026,NA,NA,NA,HL,NA,LIVE,0,0,away
305,SUM,6,BB,RC,3,C,7/10/2026,NA,NA,NA,HL,NA,LIVE,0,0,away
306,SUM,8,BB,BB,10,A,7/10/2026,NA,NA,NA,HL,NA,LIVE,0,0,home
306,SUM,8,BB,BB,10,B,7/10/2026,NA,NA,NA,HL,NA,LIVE,0,0,home
306,SUM,8,BB,BB,10,C,7/10/2026,NA,NA,NA,HL,NA,LIVE,0,0,home
306,SUM,8,BB,BB,10,D,7/10/2026,NA,NA,NA,HL,NA,LIVE,0,0,home
306,SUM,8,BB,BB,10,E,7/10/2026,NA,7/14-F,NA,HL,pink fluffy,LIVE,1,0,home
306,SUM,8,BB,BB,10,F,7/10/2026,NA,NA,NA,HL,NA,LIVE,0,0,home
306,SUM,8,BB,BB,10,G,7/10/2026,NA,7/14-F,NA,HL,pink fluffy,LIVE,1,0,home
306,SUM,8,BB,BB,10,H,7/10/2026,NA,NA,NA,HL,NA,LIVE,0,0,home
306,SUM,8,BB,BB,10,I,7/10/2026,NA,7/14-F,NA,HL,pink fluffy,LIVE,1,0,home
306,SUM,8,BB,BB,10,J,7/10/2026,NA,7/17-F,NA,HL,pink fluffy,LIVE,1,0,home
307,SUM,8,BB,RC,3,A,7/10/2026,NA,7/14-F,NA,HL,brown with yellow edge but not fluffy,LIVE,1,0,away
307,SUM,8,BB,RC,3,B,7/10/2026,NA,NA,NA,HL,NA,LIVE,0,0,away
307,SUM,8,BB,RC,3,C,7/10/2026,NA,NA,NA,HL,missing,LIVE,0,0,away
309,SUM,10,SR,SR,2,A,7/10/2026,NA,NA,NA,HL,"plate contaminated, brown gluey",LIVE,0,0,home
309,SUM,10,SR,SR,2,B,7/10/2026,NA,NA,NA,HL,"plate contaminated, brown gluey",LIVE,0,0,home
308,SUM,10,SR,HG,9,A,7/10/2026,NA,NA,NA,HL,NA,LIVE,0,0,away
308,SUM,10,SR,HG,9,B,7/10/2026,NA,NA,NA,HL,NA,LIVE,0,0,away
308,SUM,10,SR,HG,9,C,7/10/2026,NA,NA,NA,HL,NA,LIVE,0,0,away
308,SUM,10,SR,HG,9,D,7/10/2026,NA,NA,NA,HL,NA,LIVE,0,0,away
308,SUM,10,SR,HG,9,E,7/10/2026,NA,NA,NA,HL,NA,LIVE,0,0,away
308,SUM,10,SR,HG,9,F,7/10/2026,7/14/2026,NA,NA,HL,NA,LIVE,0,1,away
308,SUM,10,SR,HG,9,G,7/10/2026,NA,NA,NA,HL,NA,LIVE,0,0,away
308,SUM,10,SR,HG,9,H,7/10/2026,NA,7/14-F,NA,HL,fluffy pink- plate contaminated with yellow,LIVE,1,0,away
308,SUM,10,SR,HG,9,I,7/10/2026,NA,NA,NA,HL,NA,LIVE,0,0,away
310,SUM,11,HR,HG,7,A,7/10/2026,NA,NA,NA,HL,NA,LIVE,0,0,away
310,SUM,11,HR,HG,7,B,7/10/2026,NA,NA,NA,HL,NA,LIVE,0,0,away
310,SUM,11,HR,HG,7,C,7/10/2026,NA,7/14-O,NA,HL,might be yeast,LIVE,1,0,away
310,SUM,11,HR,HG,7,D,7/10/2026,NA,NA,NA,HL,NA,LIVE,0,0,away
310,SUM,11,HR,HG,7,E,7/10/2026,NA,7/14-O,NA,HL,might be yeast,LIVE,1,0,away
310,SUM,11,HR,HG,7,F,7/10/2026,NA,7/14-O,NA,HL,might be yeast,LIVE,1,0,away
310,SUM,11,HR,HG,7,G,7/10/2026,NA,NA,NA,HL,NA,LIVE,0,0,away
313,SUM,15,HG,SR,4,A,7/10/2026,NA,8/6-O,NA,HL,shiny yellow- seeds not infected but plate contaminated with white shiny,LIVE,1,0,away
313,SUM,15,HG,SR,4,B,7/10/2026,NA,NA,NA,HL,NA,LIVE,0,0,away
313,SUM,15,HG,SR,4,C,7/10/2026,NA,NA,NA,HL,NA,LIVE,0,0,away
313,SUM,15,HG,SR,4,D,7/10/2026,NA,NA,NA,HL,NA,LIVE,0,0,away
311,SUM,15,HG,CR,9,A,7/10/2026,NA,7/17-F,NA,HL,NA,LIVE,1,0,away
311,SUM,15,HG,CR,9,B,7/10/2026,NA,7/17-F,NA,HL,NA,LIVE,1,0,away
311,SUM,15,HG,CR,9,C,7/10/2026,NA,NA,NA,HL,NA,LIVE,0,0,away
311,SUM,15,HG,CR,9,D,7/10/2026,NA,7/14-F,NA,HL,white fluffy,LIVE,1,0,away
311,SUM,15,HG,CR,9,E,7/10/2026,NA,7/14-F,NA,HL,NA,LIVE,1,0,away
311,SUM,15,HG,CR,9,F,7/10/2026,NA,7/17-F,NA,HL,colonized from ABDE infection,LIVE,1,0,away
311,SUM,15,HG,CR,9,G,7/10/2026,NA,7/17-F,NA,HL,colonized from ABDE infection,LIVE,1,0,away
311,SUM,15,HG,CR,9,H,7/10/2026,NA,7/17-F,NA,HL,colonized from ABDE infection,LIVE,1,0,away
311,SUM,15,HG,CR,9,I,7/10/2026,7/14/2026,7/17-F,NA,HL,colonized from ABDE infection,LIVE,1,1,away
312,SUM,15,HG,OH,6,A,7/10/2026,8/14/2026,7/17-O,NA,HL,white shiny gluey- seed still okay,LIVE,1,1,away
312,SUM,15,HG,OH,6,B,7/10/2026,NA,7/14-O,NA,HL,white shiny gluey- seed still okay,LIVE,1,0,away
312,SUM,15,HG,OH,6,C,7/10/2026,NA,7/14-O,NA,HL,white shiny gluey- seed still okay,LIVE,1,0,away
312,SUM,15,HG,OH,6,D,7/10/2026,NA,7/14-O,NA,HL,white shiny gluey- seed still okay,LIVE,1,0,away
312,SUM,15,HG,OH,6,E,7/10/2026,NA,7/14-O,NA,HL,white shiny gluey- seed still okay,LIVE,1,0,away
312,SUM,15,HG,OH,6,F,7/10/2026,NA,NA,NA,HL,missing,LIVE,0,0,away
316,SUM,17,HR,TI,5,A,7/10/2026,NA,7/14-O,NA,HL,gluey brown,DEAD,1,0,away
316,SUM,17,HR,TI,5,B,7/10/2026,NA,7/14-O,NA,HL,gluey brown,DEAD,1,0,away
316,SUM,17,HR,TI,5,C,7/10/2026,NA,7/14-O,NA,HL,gluey brown,DEAD,1,0,away
316,SUM,17,HR,TI,5,D,7/10/2026,NA,7/14-O,NA,HL,gluey brown,DEAD,1,0,away
316,SUM,17,HR,TI,5,E,7/10/2026,NA,NA,NA,HL,NA,DEAD,0,0,away
315,SUM,17,HR,NG,9,A,7/10/2026,NA,NA,NA,HL,NA,DEAD,0,0,away
315,SUM,17,HR,NG,9,B,7/10/2026,NA,7/14-O,NA,HL,shiny brown,DEAD,1,0,away
315,SUM,17,HR,NG,9,C,7/10/2026,NA,7/14-O,NA,HL,shiny brown,DEAD,1,0,away
315,SUM,17,HR,NG,9,D,7/10/2026,NA,NA,NA,HL,NA,DEAD,0,0,away
315,SUM,17,HR,NG,9,E,7/10/2026,NA,NA,NA,HL,NA,DEAD,0,0,away
315,SUM,17,HR,NG,9,F,7/10/2026,7/14/2026,NA,NA,HL,NA,DEAD,0,1,away
315,SUM,17,HR,NG,9,G,7/10/2026,NA,NA,NA,HL,NA,DEAD,0,0,away
315,SUM,17,HR,NG,9,H,7/10/2026,NA,7/14-F,NA,HL,brown with spots but not fluffy,DEAD,1,0,away
315,SUM,17,HR,NG,9,I,7/10/2026,NA,NA,NA,HL,missing,DEAD,0,0,away
314,SUM,17,HR,BB,9,A,7/10/2026,NA,NA,NA,HL,NA,DEAD,0,0,away
314,SUM,17,HR,BB,9,B,7/10/2026,NA,NA,NA,HL,NA,DEAD,0,0,away
314,SUM,17,HR,BB,9,C,7/10/2026,NA,7/14-F,NA,HL,brown circular,DEAD,1,0,away
314,SUM,17,HR,BB,9,D,7/10/2026,NA,NA,NA,HL,NA,DEAD,0,0,away
314,SUM,17,HR,BB,9,E,7/10/2026,NA,NA,NA,HL,NA,DEAD,0,0,away
314,SUM,17,HR,BB,9,F,7/10/2026,NA,NA,NA,HL,NA,DEAD,0,0,away
314,SUM,17,HR,BB,9,G,7/10/2026,7/14/2026,NA,NA,HL,NA,DEAD,0,1,away
314,SUM,17,HR,BB,9,H,7/10/2026,NA,NA,NA,HL,NA,DEAD,0,0,away
314,SUM,17,HR,BB,9,I,7/10/2026,8/14/2026,NA,NA,HL,NA,DEAD,0,1,away
317,SUM,18,HR,HG,9,A,7/10/2026,NA,NA,NA,HL,plate is cloudy but seeds still okay,LIVE,0,0,away
317,SUM,18,HR,HG,9,B,7/10/2026,NA,NA,NA,HL,plate is cloudy but seeds still okay,LIVE,0,0,away
317,SUM,18,HR,HG,9,C,7/10/2026,NA,NA,NA,HL,plate is cloudy but seeds still okay,LIVE,0,0,away
317,SUM,18,HR,HG,9,D,7/10/2026,NA,NA,NA,HL,plate is cloudy but seeds still okay,LIVE,0,0,away
317,SUM,18,HR,HG,9,E,7/10/2026,NA,NA,NA,HL,plate is cloudy but seeds still okay,LIVE,0,0,away
317,SUM,18,HR,HG,9,F,7/10/2026,NA,NA,NA,HL,plate is cloudy but seeds still okay,LIVE,0,0,away
317,SUM,18,HR,HG,9,G,7/10/2026,NA,NA,NA,HL,plate is cloudy but seeds still okay,LIVE,0,0,away
317,SUM,18,HR,HG,9,H,7/10/2026,NA,NA,NA,HL,plate is cloudy but seeds still okay,LIVE,0,0,away
317,SUM,18,HR,HG,9,I,7/10/2026,NA,NA,NA,HL,plate is cloudy but seeds still okay,LIVE,0,0,away
319,SUM,20,SR,NG,2,A,7/11/2026,NA,NA,NA,HL,NA,DEAD,0,0,away
319,SUM,20,SR,NG,2,B,7/11/2026,NA,NA,NA,HL,NA,DEAD,0,0,away
318,SUM,20,SR,BB,5,A,7/11/2026,NA,NA,NA,HL,NA,DEAD,0,0,away
318,SUM,20,SR,BB,5,B,7/11/2026,NA,NA,NA,HL,NA,DEAD,0,0,away
318,SUM,20,SR,BB,5,C,7/11/2026,NA,NA,NA,HL,NA,DEAD,0,0,away
318,SUM,20,SR,BB,5,D,7/11/2026,NA,NA,NA,HL,NA,DEAD,0,0,away
318,SUM,20,SR,BB,5,E,7/11/2026,NA,NA,NA,HL,NA,DEAD,0,0,away
321,SUM,23,OH,OH,3,A,7/11/2026,NA,7/25-O,NA,HL,white shiny,LIVE,1,0,home
321,SUM,23,OH,OH,3,B,7/11/2026,NA,NA,NA,HL,NA,LIVE,0,0,home
321,SUM,23,OH,OH,3,C,7/11/2026,7/25/2026,NA,NA,HL,NA,LIVE,0,1,home
320,SUM,23,OH,HG,6,A,7/11/2026,NA,NA,NA,HL,seeds not symptomatic but plate is contaminated,LIVE,0,0,away
320,SUM,23,OH,HG,6,B,7/11/2026,NA,NA,NA,HL,seeds not symptomatic but plate is contaminated,LIVE,0,0,away
320,SUM,23,OH,HG,6,C,7/11/2026,NA,NA,NA,HL,seeds not symptomatic but plate is contaminated,LIVE,0,0,away
320,SUM,23,OH,HG,6,D,7/11/2026,NA,NA,NA,HL,seeds not symptomatic but plate is contaminated,LIVE,0,0,away
320,SUM,23,OH,HG,6,E,7/11/2026,NA,NA,NA,HL,seeds not symptomatic but plate is contaminated,LIVE,0,0,away
320,SUM,23,OH,HG,6,F,7/11/2026,NA,NA,NA,HL,seeds not symptomatic but plate is contaminated,LIVE,0,0,away
324,SUM,25,RC,TI,2,A,7/11/2026,NA,NA,NA,HL,NA,LIVE,0,0,away
324,SUM,25,RC,TI,2,B,7/11/2026,NA,NA,NA,HL,grey fungi,LIVE,0,0,away
323,SUM,25,RC,NG,2,A,7/11/2026,NA,7/14-F,NA,HL,NA,LIVE,1,0,away
323,SUM,25,RC,NG,2,B,7/11/2026,NA,NA,NA,HL,NA,LIVE,0,0,away
322,SUM,25,RC,BB,3,A,7/11/2026,NA,7/17-F,NA,HL,pink fungi,LIVE,1,0,away
322,SUM,25,RC,BB,3,B,7/11/2026,NA,NA,NA,HL,NA,LIVE,0,0,away
322,SUM,25,RC,BB,3,C,7/11/2026,NA,7/17-F,NA,HL,pink fungi,LIVE,1,0,away
326,SUM,27,TI,TI,1,A,7/11/2026,NA,NA,NA,HL,NA,LIVE,0,0,home
325,SUM,27,TI,RC,8,A,7/11/2026,NA,NA,NA,HL,seed not symptomatic but plate is contaminated- gluey brown,LIVE,0,0,away
325,SUM,27,TI,RC,8,B,7/11/2026,NA,NA,NA,HL,seed not symptomatic but plate is contaminated- gluey brown,LIVE,0,0,away
325,SUM,27,TI,RC,8,C,7/11/2026,NA,NA,NA,HL,seed not symptomatic but plate is contaminated- gluey brown,LIVE,0,0,away
325,SUM,27,TI,RC,8,D,7/11/2026,NA,NA,NA,HL,seed not symptomatic but plate is contaminated- gluey brown,LIVE,0,0,away
325,SUM,27,TI,RC,8,E,7/11/2026,NA,NA,NA,HL,seed not symptomatic but plate is contaminated- gluey brown,LIVE,0,0,away
325,SUM,27,TI,RC,8,F,7/11/2026,NA,NA,NA,HL,seed not symptomatic but plate is contaminated- gluey brown,LIVE,0,0,away
325,SUM,27,TI,RC,8,G,7/11/2026,NA,NA,NA,HL,seed not symptomatic but plate is contaminated- gluey brown,LIVE,0,0,away
325,SUM,27,TI,RC,8,H,7/11/2026,NA,NA,NA,HL,seed not symptomatic but plate is contaminated- gluey brown,LIVE,0,0,away
329,SUM,28,HG,SR,2,A,7/11/2026,NA,7/14-O,NA,HL,shiny white gluey with spots,LIVE,1,0,away
329,SUM,28,HG,SR,2,B,7/11/2026,NA,7/14-O,NA,HL,shiny white circular,LIVE,1,0,away
327,SUM,28,HG,CR,6,A,7/11/2026,7/17/2026,NA,NA,HL,NA,LIVE,0,1,away
327,SUM,28,HG,CR,6,B,7/11/2026,7/22/2026,NA,NA,HL,NA,LIVE,0,1,away
327,SUM,28,HG,CR,6,C,7/11/2026,NA,NA,NA,HL,NA,LIVE,0,0,away
327,SUM,28,HG,CR,6,D,7/11/2026,8/14/2026,NA,NA,HL,NA,LIVE,0,1,away
327,SUM,28,HG,CR,6,E,7/11/2026,8/14/2026,NA,NA,HL,NA,LIVE,0,1,away
327,SUM,28,HG,CR,6,F,7/11/2026,NA,8/7-F,NA,HL,fluffy orange and pink,LIVE,1,0,away
328,SUM,28,HG,OH,7,A,7/11/2026,NA,NA,NA,HL,NA,LIVE,0,0,away
328,SUM,28,HG,OH,7,B,7/11/2026,NA,7/14-F,NA,HL,fluffy white,LIVE,1,0,away
328,SUM,28,HG,OH,7,C,7/11/2026,NA,7/14-F,NA,HL,white gluey,LIVE,1,0,away
328,SUM,28,HG,OH,7,D,7/11/2026,NA,NA,NA,HL,NA,LIVE,0,0,away
328,SUM,28,HG,OH,7,E,7/11/2026,NA,NA,NA,HL,NA,LIVE,0,0,away
328,SUM,28,HG,OH,7,F,7/11/2026,7/14/2026,NA,NA,HL,NA,LIVE,0,1,away
328,SUM,28,HG,OH,7,G,7/11/2026,NA,NA,NA,HL,missing,LIVE,0,0,away
331,SUM,30,CR,TI,6,A,7/11/2026,NA,NA,NA,HL,NA,LIVE,0,0,away
331,SUM,30,CR,TI,6,B,7/11/2026,NA,7/17-O,NA,HL,gluey white with spots,LIVE,1,0,away
331,SUM,30,CR,TI,6,C,7/11/2026,NA,7/17-O,NA,HL,gluey white with spots,LIVE,1,0,away
331,SUM,30,CR,TI,6,D,7/11/2026,NA,7/17-O,NA,HL,gluey white with spots,LIVE,1,0,away
331,SUM,30,CR,TI,6,E,7/11/2026,NA,NA,NA,HL,NA,LIVE,0,0,away
331,SUM,30,CR,TI,6,F,7/11/2026,NA,NA,NA,HL,NA,LIVE,0,0,away
330,SUM,30,CR,BB,1,A,7/11/2026,NA,7/17-O,NA,HL,gluey brown with spots,LIVE,1,0,away
332,SUM,31,SR,NG,1,A,7/11/2026,NA,NA,NA,HL,NA,LIVE,0,0,away
333,SUM,32,NG,NG,2,A,7/11/2026,NA,NA,NA,HL,NA,DEAD,0,0,home
333,SUM,32,NG,NG,2,B,7/11/2026,NA,NA,NA,HL,seeds not symptomatic- plate turning brown,DEAD,0,0,home
334,SUM,32,NG,RC,1,A,7/15/2026,NA,NA,NA,TN,NA,DEAD,0,0,away
337,SUM,34,HG,SR,3,A,7/15/2026,NA,NA,NA,TN,NA,DEAD,0,0,away
337,SUM,34,HG,SR,3,B,7/15/2026,8/19/2026,NA,NA,TN,NA,DEAD,0,1,away
337,SUM,34,HG,SR,3,C,7/15/2026,7/22/2026,NA,NA,TN,NA,DEAD,0,1,away
335,SUM,34,HG,CR,9,A,7/15/2026,7/22/2026,NA,NA,TN,NA,DEAD,0,1,away
335,SUM,34,HG,CR,9,B,7/15/2026,7/22/2026,NA,NA,TN,NA,DEAD,0,1,away
335,SUM,34,HG,CR,9,C,7/15/2026,7/22/2026,NA,NA,TN,NA,DEAD,0,1,away
335,SUM,34,HG,CR,9,D,7/15/2026,7/22/2026,NA,NA,TN,NA,DEAD,0,1,away
335,SUM,34,HG,CR,9,E,7/15/2026,7/22/2026,NA,NA,TN,NA,DEAD,0,1,away
335,SUM,34,HG,CR,9,F,7/15/2026,7/22/2026,NA,NA,TN,NA,DEAD,0,1,away
335,SUM,34,HG,CR,9,G,7/15/2026,7/22/2026,NA,NA,TN,NA,DEAD,0,1,away
335,SUM,34,HG,CR,9,H,7/15/2026,NA,7/22-O,NA,TN,white gluey,DEAD,1,0,away
335,SUM,34,HG,CR,9,I,7/15/2026,7/22/2026,NA,NA,TN,NA,DEAD,0,1,away
336,SUM,34,HG,OH,10,A,7/15/2026,NA,NA,NA,TN,NA,DEAD,0,0,away
336,SUM,34,HG,OH,10,B,7/15/2026,NA,NA,NA,TN,NA,DEAD,0,0,away
336,SUM,34,HG,OH,10,C,7/15/2026,NA,NA,NA,TN,NA,DEAD,0,0,away
336,SUM,34,HG,OH,10,D,7/15/2026,NA,NA,NA,TN,NA,DEAD,0,0,away
336,SUM,34,HG,OH,10,E,7/15/2026,NA,NA,NA,TN,NA,DEAD,0,0,away
336,SUM,34,HG,OH,10,F,7/15/2026,NA,NA,NA,TN,NA,DEAD,0,0,away
336,SUM,34,HG,OH,10,G,7/15/2026,NA,NA,NA,TN,NA,DEAD,0,0,away
336,SUM,34,HG,OH,10,H,7/15/2026,NA,NA,NA,TN,NA,DEAD,0,0,away
336,SUM,34,HG,OH,10,I,7/15/2026,NA,NA,NA,TN,NA,DEAD,0,0,away
336,SUM,34,HG,OH,10,J,7/15/2026,NA,NA,NA,TN,missing,DEAD,0,0,away
338,SUM,36,HG,HG,4,A,7/15/2026,NA,NA,NA,TN,NA,LIVE,0,0,home
338,SUM,36,HG,HG,4,B,7/15/2026,NA,NA,NA,TN,NA,LIVE,0,0,home
338,SUM,36,HG,HG,4,C,7/15/2026,NA,NA,NA,TN,missing,LIVE,0,0,home
338,SUM,36,HG,HG,4,D,7/15/2026,NA,NA,NA,TN,missing,LIVE,0,0,home
339,SUM,39,CR,CR,6,A,7/15/2026,NA,NA,NA,TN,NA,LIVE,0,0,home
339,SUM,39,CR,CR,6,B,7/15/2026,NA,NA,NA,TN,seeds not symptomaticbut plate infected with brown gluey spots-8/6,LIVE,0,0,home
339,SUM,39,CR,CR,6,C,7/15/2026,NA,NA,NA,TN,seeds not symptomaticbut plate infected with brown gluey spots-8/6,LIVE,0,0,home
339,SUM,39,CR,CR,6,D,7/15/2026,NA,NA,NA,TN,seeds not symptomaticbut plate infected with brown gluey spots-8/6,LIVE,0,0,home
339,SUM,39,CR,CR,6,E,7/15/2026,NA,NA,NA,TN,seeds not symptomaticbut plate infected with brown gluey spots-8/6,LIVE,0,0,home
339,SUM,39,CR,CR,6,F,7/15/2026,NA,NA,NA,TN,seeds not symptomaticbut plate infected with brown gluey spots-8/6,LIVE,0,0,home
340,SUM,39,CR,HG,5,A,7/15/2026,NA,NA,NA,TN,seeds not symptomaticbut plate infected with brown gluey spots-8/6,LIVE,0,0,away
340,SUM,39,CR,HG,5,B,7/15/2026,NA,NA,NA,TN,"plate contaminated with white spots, seeds still okay- 8/6",LIVE,0,0,away
340,SUM,39,CR,HG,5,C,7/15/2026,NA,NA,NA,TN,"plate contaminated with white spots, seeds still okay- 8/6",LIVE,0,0,away
340,SUM,39,CR,HG,5,D,7/15/2026,8/14/2026,NA,NA,TN,"plate contaminated with white spots, seeds still okay- 8/6",LIVE,0,1,away
340,SUM,39,CR,HG,5,E,7/15/2026,8/14/2026,NA,NA,TN,"plate contaminated with white spots, seeds still okay- 8/6",LIVE,0,1,away
342,SUM,42,SR,SR,1,A,7/15/2026,NA,NA,NA,TN,NA,LIVE,0,0,home
341,SUM,42,SR,HG,7,A,7/15/2026,NA,NA,NA,TN,NA,LIVE,0,0,away
341,SUM,42,SR,HG,7,B,7/15/2026,NA,NA,NA,TN,NA,LIVE,0,0,away
341,SUM,42,SR,HG,7,C,7/15/2026,NA,NA,NA,TN,NA,LIVE,0,0,away
341,SUM,42,SR,HG,7,D,7/15/2026,NA,NA,NA,TN,NA,LIVE,0,0,away
341,SUM,42,SR,HG,7,E,7/15/2026,NA,NA,NA,TN,NA,LIVE,0,0,away
341,SUM,42,SR,HG,7,F,7/15/2026,NA,NA,NA,TN,NA,LIVE,0,0,away
341,SUM,42,SR,HG,7,G,7/15/2026,NA,NA,NA,TN,NA,LIVE,0,0,away
343,SUM,43,OH,TI,4,A,7/15/2026,NA,NA,NA,TN,NA,LIVE,0,0,away
343,SUM,43,OH,TI,4,B,7/15/2026,8/14/2026,NA,NA,TN,NA,LIVE,0,1,away
343,SUM,43,OH,TI,4,C,7/15/2026,7/25/2026,NA,NA,TN,NA,LIVE,0,1,away
343,SUM,43,OH,TI,4,D,7/15/2026,NA,7/22-O,NA,TN,white shiny with spots,LIVE,1,0,away
345,SUM,44,NG,SR,8,A,7/15/2026,NA,NA,NA,TN,NA,LIVE,0,0,away
345,SUM,44,NG,SR,8,B,7/15/2026,NA,NA,NA,TN,NA,LIVE,0,0,away
345,SUM,44,NG,SR,8,C,7/15/2026,NA,NA,NA,TN,NA,LIVE,0,0,away
345,SUM,44,NG,SR,8,D,7/15/2026,NA,NA,NA,TN,NA,LIVE,0,0,away
345,SUM,44,NG,SR,8,E,7/15/2026,NA,NA,NA,TN,NA,LIVE,0,0,away
345,SUM,44,NG,SR,8,F,7/15/2026,NA,NA,NA,TN,NA,LIVE,0,0,away
345,SUM,44,NG,SR,8,G,7/15/2026,NA,NA,NA,TN,NA,LIVE,0,0,away
345,SUM,44,NG,SR,8,H,7/15/2026,NA,NA,NA,TN,NA,LIVE,0,0,away
344,SUM,44,NG,OH,10,A,7/15/2026,NA,NA,NA,TN,NA,LIVE,0,0,away
344,SUM,44,NG,OH,10,B,7/15/2026,NA,NA,NA,TN,NA,LIVE,0,0,away
344,SUM,44,NG,OH,10,C,7/15/2026,NA,NA,NA,TN,NA,LIVE,0,0,away
344,SUM,44,NG,OH,10,D,7/15/2026,7/22/2026,NA,NA,TN,NA,LIVE,0,1,away
344,SUM,44,NG,OH,10,E,7/15/2026,NA,NA,NA,TN,NA,LIVE,0,0,away
344,SUM,44,NG,OH,10,F,7/15/2026,NA,NA,NA,TN,NA,LIVE,0,0,away
344,SUM,44,NG,OH,10,G,7/15/2026,NA,7/22-O,NA,TN,white gluey with spots,LIVE,1,0,away
344,SUM,44,NG,OH,10,H,7/15/2026,NA,NA,NA,TN,NA,LIVE,0,0,away
344,SUM,44,NG,OH,10,I,7/15/2026,NA,NA,NA,TN,NA,LIVE,0,0,away
344,SUM,44,NG,OH,10,J,7/15/2026,NA,7/22-O,NA,TN,white gluey with spots,LIVE,1,0,away
347,SUM,46,BB,SR,8,A,7/15/2026,NA,NA,NA,TN,NA,DEAD,0,0,away
347,SUM,46,BB,SR,8,B,7/15/2026,NA,NA,NA,TN,NA,DEAD,0,0,away
347,SUM,46,BB,SR,8,C,7/15/2026,NA,NA,NA,TN,NA,DEAD,0,0,away
347,SUM,46,BB,SR,8,D,7/15/2026,NA,NA,NA,TN,NA,DEAD,0,0,away
347,SUM,46,BB,SR,8,E,7/15/2026,NA,NA,NA,TN,NA,DEAD,0,0,away
347,SUM,46,BB,SR,8,F,7/15/2026,NA,NA,NA,TN,NA,DEAD,0,0,away
347,SUM,46,BB,SR,8,G,7/15/2026,8/16/2026,NA,NA,TN,NA,DEAD,0,1,away
347,SUM,46,BB,SR,8,H,7/15/2026,NA,NA,NA,TN,NA,DEAD,0,0,away
346,SUM,46,BB,CR,7,A,7/15/2026,NA,NA,NA,TN,NA,DEAD,0,0,away
346,SUM,46,BB,CR,7,B,7/15/2026,NA,NA,NA,TN,NA,DEAD,0,0,away
346,SUM,46,BB,CR,7,C,7/15/2026,NA,NA,NA,TN,NA,DEAD,0,0,away
346,SUM,46,BB,CR,7,D,7/15/2026,NA,NA,NA,TN,NA,DEAD,0,0,away
346,SUM,46,BB,CR,7,E,7/15/2026,NA,NA,NA,TN,NA,DEAD,0,0,away
346,SUM,46,BB,CR,7,F,7/15/2026,NA,NA,NA,TN,NA,DEAD,0,0,away
346,SUM,46,BB,CR,7,G,7/15/2026,NA,NA,NA,TN,NA,DEAD,0,0,away
349,SUM,49,BB,SR,2,A,7/15/2026,NA,NA,NA,TN,NA,LIVE,0,0,away
349,SUM,49,BB,SR,2,B,7/15/2026,NA,NA,NA,TN,NA,LIVE,0,0,away
348,SUM,49,BB,CR,7,A,7/15/2026,NA,NA,NA,TN,NA,LIVE,0,0,away
348,SUM,49,BB,CR,7,B,7/15/2026,7/22/2026,NA,NA,TN,NA,LIVE,0,1,away
348,SUM,49,BB,CR,7,C,7/15/2026,NA,NA,NA,TN,NA,LIVE,0,0,away
348,SUM,49,BB,CR,7,D,7/15/2026,NA,NA,NA,TN,NA,LIVE,0,0,away
348,SUM,49,BB,CR,7,E,7/15/2026,NA,NA,NA,TN,NA,LIVE,0,0,away
348,SUM,49,BB,CR,7,F,7/15/2026,NA,7/22-F,NA,TN,fluffy pink and white,LIVE,1,0,away
348,SUM,49,BB,CR,7,G,7/15/2026,NA,NA,NA,TN,NA,LIVE,0,0,away
351,SUM,57,BB,SR,6,A,7/15/2026,NA,7/22-O,NA,TN,white circular gluey,LIVE,1,0,away
351,SUM,57,BB,SR,6,B,7/15/2026,NA,NA,NA,TN,NA,LIVE,0,0,away
351,SUM,57,BB,SR,6,C,7/15/2026,8/7/2026,NA,NA,TN,NA,LIVE,0,1,away
351,SUM,57,BB,SR,6,D,7/15/2026,7/22/2026,NA,NA,TN,NA,LIVE,0,1,away
351,SUM,57,BB,SR,6,E,7/15/2026,NA,7/22-O,NA,TN,yellow gluey,LIVE,1,0,away
351,SUM,57,BB,SR,6,F,7/15/2026,NA,NA,NA,TN,NA,LIVE,0,0,away
350,SUM,57,BB,CR,9,A,7/15/2026,NA,NA,NA,TN,NA,LIVE,0,0,away
350,SUM,57,BB,CR,9,B,7/15/2026,NA,NA,NA,TN,NA,LIVE,0,0,away
350,SUM,57,BB,CR,9,C,7/15/2026,NA,NA,NA,TN,NA,LIVE,0,0,away
350,SUM,57,BB,CR,9,D,7/15/2026,NA,NA,NA,TN,NA,LIVE,0,0,away
350,SUM,57,BB,CR,9,E,7/15/2026,NA,NA,NA,TN,NA,LIVE,0,0,away
350,SUM,57,BB,CR,9,F,7/15/2026,NA,NA,NA,TN,NA,LIVE,0,0,away
350,SUM,57,BB,CR,9,G,7/15/2026,7/22/2026,NA,NA,TN,NA,LIVE,0,1,away
350,SUM,57,BB,CR,9,H,7/15/2026,7/22/2026,NA,NA,TN,NA,LIVE,0,1,away
350,SUM,57,BB,CR,9,I,7/15/2026,7/22/2026,NA,NA,TN,NA,LIVE,0,1,away
354,SUM,58,HR,TI,2,A,7/15/2026,NA,NA,NA,TN,"seed was crushed, didn't plate",LIVE,0,0,away
354,SUM,58,HR,TI,2,B,7/15/2026,NA,NA,NA,TN,"seed was crushed, didn't plate",LIVE,0,0,away
353,SUM,58,HR,NG,4,A,7/15/2026,NA,7/22-O,NA,TN,NA,LIVE,1,0,away
353,SUM,58,HR,NG,4,B,7/15/2026,NA,7/22-O/F,NA,TN,NA,LIVE,1,0,away
353,SUM,58,HR,NG,4,C,7/15/2026,NA,7/22-O,NA,TN,NA,LIVE,1,0,away
353,SUM,58,HR,NG,4,D,7/15/2026,NA,NA,NA,TN,NA,LIVE,0,0,away
352,SUM,58,HR,BB,3,A,7/15/2026,NA,NA,NA,TN,NA,LIVE,0,0,away
352,SUM,58,HR,BB,3,B,7/15/2026,NA,NA,NA,TN,NA,LIVE,0,0,away
352,SUM,58,HR,BB,3,C,7/15/2026,NA,NA,NA,TN,NA,LIVE,0,0,away
355,SUM,59,HG,HG,8,A,7/15/2026,NA,NA,NA,TN,NA,LIVE,0,0,home
355,SUM,59,HG,HG,8,B,7/15/2026,NA,NA,NA,TN,NA,LIVE,0,0,home
355,SUM,59,HG,HG,8,C,7/15/2026,NA,NA,NA,TN,NA,LIVE,0,0,home
355,SUM,59,HG,HG,8,D,7/15/2026,NA,NA,NA,TN,NA,LIVE,0,0,home
355,SUM,59,HG,HG,8,E,7/15/2026,NA,NA,NA,TN,NA,LIVE,0,0,home
355,SUM,59,HG,HG,8,F,7/15/2026,NA,NA,NA,TN,NA,LIVE,0,0,home
355,SUM,59,HG,HG,8,G,7/15/2026,NA,NA,NA,TN,NA,LIVE,0,0,home
355,SUM,59,HG,HG,8,H,7/15/2026,NA,NA,NA,TN,NA,LIVE,0,0,home
356,SUM,60,HR,HG,4,A,7/15/2026,NA,NA,NA,TN,NA,DEAD,0,0,away
356,SUM,60,HR,HG,4,B,7/15/2026,NA,NA,NA,TN,NA,DEAD,0,0,away
356,SUM,60,HR,HG,4,C,7/15/2026,NA,NA,NA,TN,NA,DEAD,0,0,away
356,SUM,60,HR,HG,4,D,7/15/2026,NA,NA,NA,TN,NA,DEAD,0,0,away
357,SUM,62,CR,CR,4,A,7/15/2026,NA,NA,NA,TN,NA,LIVE,0,0,home
357,SUM,62,CR,CR,4,B,7/15/2026,NA,NA,NA,TN,NA,LIVE,0,0,home
357,SUM,62,CR,CR,4,C,7/15/2026,NA,NA,NA,TN,NA,LIVE,0,0,home
357,SUM,62,CR,CR,4,D,7/15/2026,NA,NA,NA,TN,NA,LIVE,0,0,home
358,SUM,62,CR,HG,8,A,7/15/2026,NA,NA,NA,TN,NA,LIVE,0,0,away
358,SUM,62,CR,HG,8,B,7/15/2026,NA,NA,NA,TN,NA,LIVE,0,0,away
358,SUM,62,CR,HG,8,C,7/15/2026,NA,NA,NA,TN,NA,LIVE,0,0,away
358,SUM,62,CR,HG,8,D,7/15/2026,NA,NA,NA,TN,NA,LIVE,0,0,away
358,SUM,62,CR,HG,8,E,7/15/2026,NA,NA,NA,TN,NA,LIVE,0,0,away
358,SUM,62,CR,HG,8,F,7/15/2026,NA,NA,NA,TN,NA,LIVE,0,0,away
358,SUM,62,CR,HG,8,G,7/15/2026,NA,NA,NA,TN,missing,LIVE,0,0,away
358,SUM,62,CR,HG,8,H,7/15/2026,NA,NA,NA,TN,missing,LIVE,0,0,away
361,SUM,66,RC,TI,1,A,7/15/2026,NA,NA,NA,TN,seed crushed- not plated,LIVE,0,0,away
360,SUM,66,RC,NG,4,A,7/15/2026,NA,NA,NA,TN,NA,LIVE,0,0,away
360,SUM,66,RC,NG,4,B,7/15/2026,NA,NA,NA,TN,NA,LIVE,0,0,away
360,SUM,66,RC,NG,4,C,7/15/2026,NA,NA,NA,TN,NA,LIVE,0,0,away
360,SUM,66,RC,NG,4,D,7/15/2026,NA,8/6-O,NA,TN,gluey brown,LIVE,1,0,away
359,SUM,66,RC,BB,6,A,7/15/2026,NA,NA,NA,TN,NA,LIVE,0,0,away
359,SUM,66,RC,BB,6,B,7/15/2026,NA,NA,NA,TN,NA,LIVE,0,0,away
359,SUM,66,RC,BB,6,C,7/15/2026,NA,NA,NA,TN,NA,LIVE,0,0,away
359,SUM,66,RC,BB,6,D,7/15/2026,NA,7/22-O,NA,TN,NA,LIVE,1,0,away
359,SUM,66,RC,BB,6,E,7/15/2026,NA,NA,NA,TN,NA,LIVE,0,0,away
359,SUM,66,RC,BB,6,F,7/15/2026,8/16/2026,NA,NA,TN,NA,LIVE,0,1,away
363,SUM,71,HR,NG,3,A,7/16/2026,NA,NA,NA,TN,NA,LIVE,0,0,away
363,SUM,71,HR,NG,3,B,7/16/2026,7/22/2026,NA,NA,TN,NA,LIVE,0,1,away
363,SUM,71,HR,NG,3,C,7/16/2026,7/22/2026,NA,NA,TN,NA,LIVE,0,1,away
362,SUM,71,HR,BB,4,A,7/16/2026,NA,NA,NA,TN,NA,LIVE,0,0,away
362,SUM,71,HR,BB,4,B,7/16/2026,NA,NA,NA,TN,NA,LIVE,0,0,away
362,SUM,71,HR,BB,4,C,7/16/2026,NA,NA,NA,TN,NA,LIVE,0,0,away
362,SUM,71,HR,BB,4,D,7/16/2026,NA,NA,NA,TN,NA,LIVE,0,0,away
365,SUM,72,NG,SR,5,A,7/16/2026,NA,NA,NA,TN,"black gluey, not fluffy- tweezer burn, seed still okay",DEAD,0,0,away
365,SUM,72,NG,SR,5,B,7/16/2026,NA,7/22-O,NA,TN,"black gluey, not fluffy- tweezer burn, seed still okay",DEAD,1,0,away
365,SUM,72,NG,SR,5,C,7/16/2026,NA,7/22-O,NA,TN,"seed too small- tweezer burn, seed still okay",DEAD,1,0,away
365,SUM,72,NG,SR,5,D,7/16/2026,NA,NA,NA,TN,missing,DEAD,0,0,away
365,SUM,72,NG,SR,5,E,7/16/2026,NA,NA,NA,TN,missing,DEAD,0,0,away
364,SUM,72,NG,OH,4,A,7/16/2026,NA,NA,NA,TN,NA,DEAD,0,0,away
364,SUM,72,NG,OH,4,B,7/16/2026,NA,NA,NA,TN,greenish gluey- seed not symptomatic,DEAD,0,0,away
364,SUM,72,NG,OH,4,C,7/16/2026,NA,NA,NA,TN,greenish gluey- seed not symptomatic,DEAD,0,0,away
364,SUM,72,NG,OH,4,D,7/16/2026,NA,NA,NA,TN,greenish gluey- seed not symptomatic,DEAD,0,0,away
367,SUM,74,OH,TI,3,A,7/16/2026,NA,NA,NA,TN,NA,DEAD,0,0,away
367,SUM,74,OH,TI,3,B,7/16/2026,NA,NA,NA,TN,NA,DEAD,0,0,away
367,SUM,74,OH,TI,3,C,7/16/2026,NA,NA,NA,TN,NA,DEAD,0,0,away
366,SUM,74,OH,NG,5,A,7/16/2026,NA,NA,NA,TN,NA,DEAD,0,0,away
366,SUM,74,OH,NG,5,B,7/16/2026,NA,NA,NA,TN,NA,DEAD,0,0,away
366,SUM,74,OH,NG,5,C,7/16/2026,NA,NA,NA,TN,NA,DEAD,0,0,away
366,SUM,74,OH,NG,5,D,7/16/2026,NA,NA,NA,TN,NA,DEAD,0,0,away
366,SUM,74,OH,NG,5,E,7/16/2026,NA,NA,NA,TN,NA,DEAD,0,0,away
369,SUM,78,TI,TI,4,A,7/16/2026,NA,NA,NA,TN,tweezer burn contamination but seeds are not symptomatic,DEAD,0,0,home
369,SUM,78,TI,TI,4,B,7/16/2026,NA,NA,NA,TN,tweezer burn contamination but seeds are not symptomatic,DEAD,0,0,home
369,SUM,78,TI,TI,4,C,7/16/2026,NA,NA,NA,TN,tweezer burn contamination but seeds are not symptomatic,DEAD,0,0,home
369,SUM,78,TI,TI,4,D,7/16/2026,NA,NA,NA,TN,NA,DEAD,0,0,home
368,SUM,78,TI,RC,2,A,7/16/2026,NA,NA,NA,TN,NA,DEAD,0,0,away
368,SUM,78,TI,RC,2,B,7/16/2026,NA,NA,NA,TN,seed not contaminated,DEAD,0,0,away
371,SUM,79,OH,OH,7,A,7/16/2026,NA,7/22-O,NA,TN,NA,DEAD,1,0,home
371,SUM,79,OH,OH,7,B,7/16/2026,NA,7/22-O,NA,TN,"could be yeast, seeds still okay",DEAD,1,0,home
371,SUM,79,OH,OH,7,C,7/16/2026,NA,7/22-O,NA,TN,"could be yeast, seeds still okay",DEAD,1,0,home
371,SUM,79,OH,OH,7,D,7/16/2026,NA,7/22-O,NA,TN,"could be yeast, seeds still okay",DEAD,1,0,home
371,SUM,79,OH,OH,7,E,7/16/2026,NA,7/22-O,NA,TN,"could be yeast, seeds still okay",DEAD,1,0,home
371,SUM,79,OH,OH,7,F,7/16/2026,NA,7/22-O,NA,TN,"could be yeast, seeds still okay",DEAD,1,0,home
371,SUM,79,OH,OH,7,G,7/16/2026,NA,7/22-O,NA,TN,"could be yeast, seeds still okay",DEAD,1,0,home
370,SUM,79,OH,HG,1,A,7/16/2026,NA,NA,NA,TN,NA,DEAD,0,0,away
373,SUM,81,NG,SR,6,A,7/16/2026,NA,NA,NA,TN,NA,LIVE,0,0,away
373,SUM,81,NG,SR,6,B,7/16/2026,NA,NA,NA,TN,NA,LIVE,0,0,away
373,SUM,81,NG,SR,6,C,7/16/2026,NA,NA,NA,TN,NA,LIVE,0,0,away
373,SUM,81,NG,SR,6,D,7/16/2026,NA,NA,NA,TN,NA,LIVE,0,0,away
373,SUM,81,NG,SR,6,E,7/16/2026,NA,NA,NA,TN,NA,LIVE,0,0,away
373,SUM,81,NG,SR,6,F,7/16/2026,NA,7/22-O,NA,TN,white with spots,LIVE,1,0,away
372,SUM,81,NG,OH,5,A,7/16/2026,8/7/2026,NA,NA,TN,NA,LIVE,0,1,away
372,SUM,81,NG,OH,5,B,7/16/2026,NA,NA,NA,TN,NA,LIVE,0,0,away
372,SUM,81,NG,OH,5,C,7/16/2026,NA,NA,NA,TN,NA,LIVE,0,0,away
372,SUM,81,NG,OH,5,D,7/16/2026,NA,NA,NA,TN,NA,LIVE,0,0,away
372,SUM,81,NG,OH,5,E,7/16/2026,NA,NA,NA,TN,NA,LIVE,0,0,away
375,SUM,82,CR,TI,2,A,7/16/2026,NA,7/22-O,NA,TN,NA,LIVE,1,0,away
375,SUM,82,CR,TI,2,B,7/16/2026,NA,NA,NA,TN,NA,LIVE,0,0,away
374,SUM,82,CR,BB,7,A,7/16/2026,NA,7/22-O,NA,TN,white gluey circular with spots,LIVE,1,0,away
374,SUM,82,CR,BB,7,B,7/16/2026,NA,7/25-O,NA,TN,NA,LIVE,1,0,away
374,SUM,82,CR,BB,7,C,7/16/2026,8/14/2026,NA,NA,TN,NA,LIVE,0,1,away
374,SUM,82,CR,BB,7,D,7/16/2026,NA,NA,NA,TN,NA,LIVE,0,0,away
374,SUM,82,CR,BB,7,E,7/16/2026,NA,NA,NA,TN,NA,LIVE,0,0,away
374,SUM,82,CR,BB,7,F,7/16/2026,NA,NA,NA,TN,NA,LIVE,0,0,away
374,SUM,82,CR,BB,7,G,7/16/2026,NA,NA,NA,TN,NA,LIVE,0,0,away
377,SUM,84,TI,TI,3,A,7/16/2026,NA,NA,NA,TN,NA,LIVE,0,0,home
377,SUM,84,TI,TI,3,B,7/16/2026,NA,NA,NA,TN,NA,LIVE,0,0,home
377,SUM,84,TI,TI,3,C,7/16/2026,NA,NA,NA,TN,missing,LIVE,0,0,home
376,SUM,84,TI,RC,4,A,7/16/2026,NA,NA,NA,TN,tube not found,LIVE,0,0,away
376,SUM,84,TI,RC,4,B,7/16/2026,NA,NA,NA,TN,tube not found,LIVE,0,0,away
376,SUM,84,TI,RC,4,C,7/16/2026,NA,NA,NA,TN,tube not found,LIVE,0,0,away
376,SUM,84,TI,RC,4,D,7/16/2026,NA,NA,NA,TN,tube not found,LIVE,0,0,away
379,SUM,88,OH,OH,8,A,7/16/2026,NA,NA,NA,TN,NA,LIVE,0,0,home
379,SUM,88,OH,OH,8,B,7/16/2026,NA,NA,NA,TN,NA,LIVE,0,0,home
379,SUM,88,OH,OH,8,C,7/16/2026,NA,NA,NA,TN,NA,LIVE,0,0,home
379,SUM,88,OH,OH,8,D,7/16/2026,NA,NA,NA,TN,NA,LIVE,0,0,home
379,SUM,88,OH,OH,8,E,7/16/2026,8/6/2026,NA,NA,TN,NA,LIVE,0,1,home
379,SUM,88,OH,OH,8,F,7/16/2026,7/25/2026,NA,NA,TN,NA,LIVE,0,1,home
379,SUM,88,OH,OH,8,G,7/16/2026,NA,NA,NA,TN,NA,LIVE,0,0,home
379,SUM,88,OH,OH,8,H,7/16/2026,NA,NA,NA,TN,NA,LIVE,0,0,home
378,SUM,88,OH,HG,4,A,7/16/2026,8/14/2026,NA,NA,TN,seeds not symptomatic but plate is contaminated,LIVE,0,1,away
378,SUM,88,OH,HG,4,B,7/16/2026,NA,NA,NA,TN,seeds not symptomatic but plate is contaminated,LIVE,0,0,away
378,SUM,88,OH,HG,4,C,7/16/2026,NA,NA,NA,TN,seeds not symptomatic but plate is contaminated,LIVE,0,0,away
378,SUM,88,OH,HG,4,D,7/16/2026,NA,NA,NA,TN,missing,LIVE,0,0,away
380,SUM,97,TI,CR,10,A,7/16/2026,NA,NA,NA,TN,NA,DEAD,0,0,away
380,SUM,97,TI,CR,10,B,7/16/2026,NA,NA,NA,TN,NA,DEAD,0,0,away
380,SUM,97,TI,CR,10,C,7/16/2026,NA,NA,NA,TN,NA,DEAD,0,0,away
380,SUM,97,TI,CR,10,D,7/16/2026,NA,NA,NA,TN,NA,DEAD,0,0,away
380,SUM,97,TI,CR,10,E,7/16/2026,NA,NA,NA,TN,NA,DEAD,0,0,away
380,SUM,97,TI,CR,10,F,7/16/2026,NA,NA,NA,TN,NA,DEAD,0,0,away
380,SUM,97,TI,CR,10,G,7/16/2026,NA,NA,NA,TN,NA,DEAD,0,0,away
380,SUM,97,TI,CR,10,H,7/16/2026,NA,NA,NA,TN,NA,DEAD,0,0,away
380,SUM,97,TI,CR,10,I,7/16/2026,NA,NA,NA,TN,NA,DEAD,0,0,away
380,SUM,97,TI,CR,10,J,7/16/2026,NA,NA,NA,TN,NA,DEAD,0,0,away
381,SUM,97,TI,OH,10,A,7/16/2026,NA,NA,NA,TN,NA,DEAD,0,0,away
381,SUM,97,TI,OH,10,B,7/16/2026,NA,NA,NA,TN,NA,DEAD,0,0,away
381,SUM,97,TI,OH,10,C,7/16/2026,NA,NA,NA,TN,NA,DEAD,0,0,away
381,SUM,97,TI,OH,10,D,7/16/2026,NA,NA,NA,TN,NA,DEAD,0,0,away
381,SUM,97,TI,OH,10,E,7/16/2026,NA,NA,NA,TN,NA,DEAD,0,0,away
381,SUM,97,TI,OH,10,F,7/16/2026,NA,NA,NA,TN,NA,DEAD,0,0,away
381,SUM,97,TI,OH,10,G,7/16/2026,NA,NA,NA,TN,NA,DEAD,0,0,away
381,SUM,97,TI,OH,10,H,7/16/2026,NA,NA,NA,TN,NA,DEAD,0,0,away
381,SUM,97,TI,OH,10,I,7/16/2026,NA,NA,NA,TN,NA,DEAD,0,0,away
381,SUM,97,TI,OH,10,J,7/16/2026,NA,NA,NA,TN,NA,DEAD,0,0,away
383,SUM,99,SR,SR,7,A,7/16/2026,NA,NA,NA,TN,NA,DEAD,0,0,home
383,SUM,99,SR,SR,7,B,7/16/2026,NA,NA,NA,TN,NA,DEAD,0,0,home
383,SUM,99,SR,SR,7,C,7/16/2026,NA,NA,NA,TN,NA,DEAD,0,0,home
383,SUM,99,SR,SR,7,D,7/16/2026,NA,NA,NA,TN,NA,DEAD,0,0,home
383,SUM,99,SR,SR,7,E,7/16/2026,NA,NA,NA,TN,NA,DEAD,0,0,home
383,SUM,99,SR,SR,7,F,7/16/2026,NA,NA,NA,TN,NA,DEAD,0,0,home
383,SUM,99,SR,SR,7,G,7/16/2026,NA,NA,NA,TN,NA,DEAD,0,0,home
382,SUM,99,SR,HG,5,A,7/16/2026,NA,NA,NA,TN,NA,DEAD,0,0,away
382,SUM,99,SR,HG,5,B,7/16/2026,NA,NA,NA,TN,NA,DEAD,0,0,away
382,SUM,99,SR,HG,5,C,7/16/2026,NA,NA,NA,TN,NA,DEAD,0,0,away
382,SUM,99,SR,HG,5,D,7/16/2026,NA,NA,NA,TN,NA,DEAD,0,0,away
382,SUM,99,SR,HG,5,E,7/16/2026,NA,NA,NA,TN,NA,DEAD,0,0,away
384,SUM,101,HG,HG,7,A,7/16/2026,NA,NA,NA,TN,transferred to filter paper and stored in the greenhouse- 8/6,DEAD,0,0,home
384,SUM,101,HG,HG,7,B,7/16/2026,NA,NA,NA,TN,transferred to filter paper and stored in the greenhouse- 8/6,DEAD,0,0,home
384,SUM,101,HG,HG,7,C,7/16/2026,NA,NA,NA,TN,transferred to filter paper and stored in the greenhouse- 8/6,DEAD,0,0,home
384,SUM,101,HG,HG,7,D,7/16/2026,NA,NA,NA,TN,transferred to filter paper and stored in the greenhouse- 8/6,DEAD,0,0,home
384,SUM,101,HG,HG,7,E,7/16/2026,NA,NA,NA,TN,NA,DEAD,0,0,home
384,SUM,101,HG,HG,7,F,7/16/2026,NA,NA,NA,TN,NA,DEAD,0,0,home
384,SUM,101,HG,HG,7,G,7/16/2026,NA,NA,NA,TN,missing,DEAD,0,0,home
385,SUM,105,NG,NG,5,A,7/16/2026,NA,NA,NA,TN,NA,LIVE,0,0,home
385,SUM,105,NG,NG,5,B,7/16/2026,NA,NA,NA,TN,NA,LIVE,0,0,home
385,SUM,105,NG,NG,5,C,7/16/2026,NA,NA,NA,TN,NA,LIVE,0,0,home
385,SUM,105,NG,NG,5,D,7/16/2026,NA,NA,NA,TN,NA,LIVE,0,0,home
385,SUM,105,NG,NG,5,E,7/16/2026,NA,8/6-O,NA,TN,white gluey,LIVE,1,0,home
386,SUM,106,RC,RC,1,A,7/16/2026,NA,NA,NA,TN,NA,DEAD,0,0,home
388,SUM,107,OH,TI,3,A,7/16/2026,NA,NA,NA,TN,NA,LIVE,0,0,away
388,SUM,107,OH,TI,3,B,7/16/2026,NA,NA,NA,TN,NA,LIVE,0,0,away
388,SUM,107,OH,TI,3,C,7/16/2026,NA,NA,NA,TN,NA,LIVE,0,0,away
387,SUM,107,OH,NG,4,A,7/16/2026,NA,NA,NA,TN,NA,LIVE,0,0,away
387,SUM,107,OH,NG,4,B,7/16/2026,NA,NA,NA,TN,NA,LIVE,0,0,away
387,SUM,107,OH,NG,4,C,7/16/2026,NA,NA,NA,TN,NA,LIVE,0,0,away
387,SUM,107,OH,NG,4,D,7/16/2026,NA,7/22-O,NA,TN,pink gluey,LIVE,1,0,away
390,SUM,109,SR,NG,5,A,7/16/2026,NA,NA,NA,TN,NA,LIVE,0,0,away
390,SUM,109,SR,NG,5,B,7/16/2026,NA,NA,NA,TN,NA,LIVE,0,0,away
390,SUM,109,SR,NG,5,C,7/16/2026,NA,NA,NA,TN,NA,LIVE,0,0,away
390,SUM,109,SR,NG,5,D,7/16/2026,NA,NA,NA,TN,NA,LIVE,0,0,away
390,SUM,109,SR,NG,5,E,7/16/2026,NA,NA,NA,TN,NA,LIVE,0,0,away
389,SUM,109,SR,BB,4,A,7/16/2026,NA,NA,NA,TN,NA,LIVE,0,0,away
389,SUM,109,SR,BB,4,B,7/16/2026,NA,NA,NA,TN,NA,LIVE,0,0,away
389,SUM,109,SR,BB,4,C,7/16/2026,NA,NA,NA,TN,NA,LIVE,0,0,away
389,SUM,109,SR,BB,4,D,7/16/2026,NA,NA,NA,TN,NA,LIVE,0,0,away
391,SUM,113,TI,CR,8,A,7/16/2026,NA,NA,NA,TN,NA,LIVE,0,0,away
391,SUM,113,TI,CR,8,B,7/16/2026,NA,NA,NA,TN,NA,LIVE,0,0,away
391,SUM,113,TI,CR,8,C,7/16/2026,NA,NA,NA,TN,NA,LIVE,0,0,away
391,SUM,113,TI,CR,8,D,7/16/2026,NA,NA,NA,TN,NA,LIVE,0,0,away
391,SUM,113,TI,CR,8,E,7/16/2026,NA,NA,NA,TN,NA,LIVE,0,0,away
391,SUM,113,TI,CR,8,F,7/16/2026,NA,NA,NA,TN,NA,LIVE,0,0,away
391,SUM,113,TI,CR,8,G,7/16/2026,NA,7/25-O/F,NA,TN,white gluey circular,LIVE,1,0,away
391,SUM,113,TI,CR,8,H,7/16/2026,NA,NA,NA,TN,NA,LIVE,0,0,away
392,SUM,113,TI,OH,5,A,7/16/2026,NA,NA,NA,TN,NA,LIVE,0,0,away
392,SUM,113,TI,OH,5,B,7/16/2026,NA,NA,NA,TN,NA,LIVE,0,0,away
392,SUM,113,TI,OH,5,C,7/16/2026,NA,NA,NA,TN,NA,LIVE,0,0,away
392,SUM,113,TI,OH,5,D,7/16/2026,NA,NA,NA,TN,NA,LIVE,0,0,away
392,SUM,113,TI,OH,5,E,7/16/2026,NA,NA,NA,TN,NA,LIVE,0,0,away
393,SUM,115,TI,CR,4,A,7/16/2026,NA,NA,NA,TN,NA,LIVE,0,0,away
393,SUM,115,TI,CR,4,B,7/16/2026,NA,NA,NA,TN,NA,LIVE,0,0,away
393,SUM,115,TI,CR,4,C,7/16/2026,NA,NA,NA,TN,NA,LIVE,0,0,away
393,SUM,115,TI,CR,4,D,7/16/2026,NA,NA,NA,TN,NA,LIVE,0,0,away
394,SUM,115,TI,OH,6,A,7/16/2026,NA,NA,NA,TN,NA,LIVE,0,0,away
394,SUM,115,TI,OH,6,B,7/16/2026,NA,NA,NA,TN,NA,LIVE,0,0,away
394,SUM,115,TI,OH,6,C,7/16/2026,NA,NA,NA,TN,NA,LIVE,0,0,away
394,SUM,115,TI,OH,6,D,7/16/2026,NA,NA,NA,TN,NA,LIVE,0,0,away
394,SUM,115,TI,OH,6,E,7/16/2026,NA,7/29-O,NA,TN,white gluey but seed still okay,LIVE,1,0,away
394,SUM,115,TI,OH,6,F,7/16/2026,NA,NA,NA,TN,NA,LIVE,0,0,away
395,SUM,116,BB,BB,5,A,7/16/2026,NA,NA,NA,TN,NA,DEAD,0,0,home
395,SUM,116,BB,BB,5,B,7/16/2026,NA,7/22-O,NA,TN,could be yeast,DEAD,1,0,home
395,SUM,116,BB,BB,5,C,7/16/2026,NA,7/22-O,NA,TN,could be yeast,DEAD,1,0,home
395,SUM,116,BB,BB,5,D,7/16/2026,NA,NA,NA,TN,NA,DEAD,0,0,home
395,SUM,116,BB,BB,5,E,7/16/2026,NA,NA,NA,TN,NA,DEAD,0,0,home
396,SUM,116,BB,RC,5,A,7/16/2026,NA,NA,NA,TN,NA,DEAD,0,0,away
396,SUM,116,BB,RC,5,B,7/16/2026,NA,NA,NA,TN,NA,DEAD,0,0,away
396,SUM,116,BB,RC,5,C,7/16/2026,NA,NA,NA,TN,NA,DEAD,0,0,away
396,SUM,116,BB,RC,5,D,7/16/2026,NA,8/7-O,NA,TN,yellow with spots,DEAD,1,0,away
396,SUM,116,BB,RC,5,E,7/16/2026,NA,NA,NA,TN,missing,DEAD,0,0,away
398,SUM,117,RC,NG,2,A,7/16/2026,NA,NA,NA,TN,NA,DEAD,0,0,away
398,SUM,117,RC,NG,2,B,7/16/2026,NA,8/6-O,NA,TN,white with spots,DEAD,1,0,away
397,SUM,117,RC,BB,6,A,7/16/2026,NA,8/6-O,NA,TN,brown gluey,DEAD,1,0,away
397,SUM,117,RC,BB,6,B,7/16/2026,NA,NA,NA,TN,NA,DEAD,0,0,away
397,SUM,117,RC,BB,6,C,7/16/2026,NA,NA,NA,TN,NA,DEAD,0,0,away
397,SUM,117,RC,BB,6,D,7/16/2026,NA,NA,NA,TN,NA,DEAD,0,0,away
397,SUM,117,RC,BB,6,E,7/16/2026,NA,NA,NA,TN,NA,DEAD,0,0,away
397,SUM,117,RC,BB,6,F,7/16/2026,NA,NA,NA,TN,missing,DEAD,0,0,away
399,SUM,118,CR,CR,4,A,7/16/2026,NA,NA,NA,TN,NA,DEAD,0,0,home
399,SUM,118,CR,CR,4,B,7/16/2026,NA,NA,NA,TN,NA,DEAD,0,0,home
399,SUM,118,CR,CR,4,C,7/16/2026,NA,NA,NA,TN,NA,DEAD,0,0,home
399,SUM,118,CR,CR,4,D,7/16/2026,NA,NA,NA,TN,NA,DEAD,0,0,home
500,SUM,118,CR,HG,3,A,7/16/2026,NA,NA,NA,TN,NA,DEAD,0,0,away
500,SUM,118,CR,HG,3,B,7/16/2026,NA,NA,NA,TN,NA,DEAD,0,0,away
500,SUM,118,CR,HG,3,C,7/16/2026,NA,NA,NA,TN,NA,DEAD,0,0,away
401,WIL,4,CR,TI,2,A,7/21/2026,NA,NA,NA,HL,NA,DEAD,0,0,away
401,WIL,4,CR,TI,2,B,7/21/2026,NA,7/25-F,NA,HL,fluffy brown and white,DEAD,1,0,away
400,WIL,4,CR,BB,7,A,7/21/2026,NA,NA,NA,HL,NA,DEAD,0,0,away
400,WIL,4,CR,BB,7,B,7/21/2026,NA,8/7-O,NA,HL,shiny black and yellow,DEAD,1,0,away
400,WIL,4,CR,BB,7,C,7/21/2026,NA,NA,NA,HL,NA,DEAD,0,0,away
400,WIL,4,CR,BB,7,D,7/21/2026,NA,8/7-O,NA,HL,shiny black and yellow,DEAD,1,0,away
400,WIL,4,CR,BB,7,E,7/21/2026,NA,8/7-O,NA,HL,shiny black and yellow,DEAD,1,0,away
400,WIL,4,CR,BB,7,F,7/21/2026,NA,8/7-O,NA,HL,shiny black and yellow,DEAD,1,0,away
400,WIL,4,CR,BB,7,G,7/21/2026,NA,8/7-O,NA,HL,shiny black and yellow,DEAD,1,0,away
402,WIL,5,NG,NG,3,A,7/21/2026,NA,8/7-O/F,NA,HL,shiny white,LIVE,1,0,home
402,WIL,5,NG,NG,3,B,7/21/2026,NA,NA,NA,HL,NA,LIVE,0,0,home
402,WIL,5,NG,NG,3,C,7/21/2026,NA,7/25-O/F,NA,HL,white circular- shiny,LIVE,1,0,home
403,WIL,5,NG,RC,3,A,7/21/2026,NA,NA,NA,HL,NA,LIVE,0,0,away
403,WIL,5,NG,RC,3,B,7/21/2026,NA,NA,NA,HL,NA,LIVE,0,0,away
403,WIL,5,NG,RC,3,C,7/21/2026,NA,NA,NA,HL,NA,LIVE,0,0,away
404,WIL,6,BB,BB,6,A,7/21/2026,NA,NA,NA,HL,NA,LIVE,0,0,home
404,WIL,6,BB,BB,6,B,7/21/2026,NA,8/7-O,NA,HL,shiny white,LIVE,1,0,home
404,WIL,6,BB,BB,6,C,7/21/2026,NA,NA,NA,HL,NA,LIVE,0,0,home
404,WIL,6,BB,BB,6,D,7/21/2026,NA,NA,NA,HL,NA,LIVE,0,0,home
404,WIL,6,BB,BB,6,E,7/21/2026,NA,NA,NA,HL,NA,LIVE,0,0,home
404,WIL,6,BB,BB,6,F,7/21/2026,8/7/2026,8/13-O,NA,HL,shiny white,LIVE,1,1,home
405,WIL,6,BB,RC,8,A,7/21/2026,NA,7/22-O,NA,HL,"white gluey, seed still okay",LIVE,1,0,away
405,WIL,6,BB,RC,8,B,7/21/2026,NA,7/22-O,NA,HL,"white gluey, seed still okay",LIVE,1,0,away
405,WIL,6,BB,RC,8,C,7/21/2026,NA,7/22-O,NA,HL,"white gluey, seed still okay",LIVE,1,0,away
405,WIL,6,BB,RC,8,D,7/21/2026,NA,7/22-O,NA,HL,"white gluey, seed still okay",LIVE,1,0,away
405,WIL,6,BB,RC,8,E,7/21/2026,NA,7/22-O,NA,HL,"white circular, white gluey, seed still okay",LIVE,1,0,away
405,WIL,6,BB,RC,8,F,7/21/2026,NA,7/22-O,NA,HL,"white gluey, seed still okay",LIVE,1,0,away
405,WIL,6,BB,RC,8,G,7/21/2026,NA,7/22-O,NA,HL,"white gluey, seed still okay",LIVE,1,0,away
405,WIL,6,BB,RC,8,H,7/21/2026,NA,7/22-O,NA,HL,"white gluey, seed still okay",LIVE,1,0,away
406,WIL,8,BB,BB,8,A,7/21/2026,NA,NA,NA,HL,"plate is contaminated, shiny- 8/7",LIVE,0,0,home
406,WIL,8,BB,BB,8,B,7/21/2026,NA,NA,NA,HL,"plate is contaminated, shiny- 8/7",LIVE,0,0,home
406,WIL,8,BB,BB,8,C,7/21/2026,NA,NA,NA,HL,"plate is contaminated, shiny- 8/7",LIVE,0,0,home
406,WIL,8,BB,BB,8,D,7/21/2026,NA,NA,NA,HL,"plate is contaminated, shiny- 8/7",LIVE,0,0,home
406,WIL,8,BB,BB,8,E,7/21/2026,NA,NA,NA,HL,"plate is contaminated, shiny- 8/7",LIVE,0,0,home
406,WIL,8,BB,BB,8,F,7/21/2026,NA,NA,NA,HL,"plate is contaminated, shiny- 8/7",LIVE,0,0,home
406,WIL,8,BB,BB,8,G,7/21/2026,NA,NA,NA,HL,"plate is contaminated, shiny- 8/7",LIVE,0,0,home
406,WIL,8,BB,BB,8,H,7/21/2026,NA,NA,NA,HL,"plate is contaminated, shiny- 8/7",LIVE,0,0,home
407,WIL,8,BB,RC,5,A,7/21/2026,8/7/2026,NA,NA,HL,"plate is contaminated, shiny- 8/7",LIVE,0,1,away
407,WIL,8,BB,RC,5,B,7/21/2026,NA,7/29-O/F,NA,HL,white gluey circular,LIVE,1,0,away
407,WIL,8,BB,RC,5,C,7/21/2026,NA,7/29-O,NA,HL,white gluey circular- seed is gone,LIVE,1,0,away
407,WIL,8,BB,RC,5,D,7/21/2026,NA,7/29-O/F,NA,HL,shiny yellow with spots,LIVE,1,0,away
407,WIL,8,BB,RC,5,E,7/21/2026,NA,NA,NA,HL,missing,LIVE,0,0,away
409,WIL,10,SR,SR,9,A,7/21/2026,8/7/2026,NA,NA,HL,NA,LIVE,0,1,home
409,WIL,10,SR,SR,9,B,7/21/2026,NA,NA,NA,HL,NA,LIVE,0,0,home
409,WIL,10,SR,SR,9,C,7/21/2026,NA,NA,NA,HL,NA,LIVE,0,0,home
409,WIL,10,SR,SR,9,D,7/21/2026,8/13/2026,NA,NA,HL,NA,LIVE,0,1,home
409,WIL,10,SR,SR,9,E,7/21/2026,NA,NA,NA,HL,NA,LIVE,0,0,home
409,WIL,10,SR,SR,9,F,7/21/2026,NA,NA,NA,HL,NA,LIVE,0,0,home
409,WIL,10,SR,SR,9,G,7/21/2026,NA,NA,NA,HL,NA,LIVE,0,0,home
409,WIL,10,SR,SR,9,H,7/21/2026,NA,7/25-O/F,NA,HL,shiny white- infected whole plate,LIVE,1,0,home
409,WIL,10,SR,SR,9,I,7/21/2026,8/13/2026,NA,NA,HL,NA,LIVE,0,1,home
408,WIL,10,SR,HG,10,A,7/21/2026,7/25/2026,7/25-F,NA,HL,fuzzy white,LIVE,1,1,away
408,WIL,10,SR,HG,10,B,7/21/2026,NA,NA,NA,HL,NA,LIVE,0,0,away
408,WIL,10,SR,HG,10,C,7/21/2026,NA,7/25-O,NA,HL,white gluey,LIVE,1,0,away
408,WIL,10,SR,HG,10,D,7/21/2026,NA,NA,NA,HL,NA,LIVE,0,0,away
408,WIL,10,SR,HG,10,E,7/21/2026,NA,7/25-F,NA,HL,fuzzy white,LIVE,1,0,away
408,WIL,10,SR,HG,10,F,7/21/2026,8/13/2026,NA,NA,HL,NA,LIVE,0,1,away
408,WIL,10,SR,HG,10,G,7/21/2026,7/25/2026,NA,NA,HL,NA,LIVE,0,1,away
408,WIL,10,SR,HG,10,H,7/21/2026,7/25/2026,NA,NA,HL,NA,LIVE,0,1,away
408,WIL,10,SR,HG,10,I,7/21/2026,NA,7/29-F,NA,HL,fluffy brown,LIVE,1,0,away
408,WIL,10,SR,HG,10,J,7/21/2026,NA,NA,NA,HL,NA,LIVE,0,0,away
410,WIL,11,HR,HG,4,A,7/21/2026,NA,NA,NA,HL,NA,LIVE,0,0,away
410,WIL,11,HR,HG,4,B,7/21/2026,NA,NA,NA,HL,NA,LIVE,0,0,away
410,WIL,11,HR,HG,4,C,7/21/2026,NA,NA,NA,HL,NA,LIVE,0,0,away
410,WIL,11,HR,HG,4,D,7/21/2026,NA,NA,NA,HL,NA,LIVE,0,0,away
413,WIL,15,HG,SR,2,A,7/21/2026,NA,7/25-O/F,NA,HL,white shiny gluey circular,LIVE,1,0,away
413,WIL,15,HG,SR,2,B,7/21/2026,NA,7/25-O/F,NA,HL,white shiny gluey circular,LIVE,1,0,away
411,WIL,15,HG,CR,7,A,7/21/2026,NA,NA,NA,HL,NA,LIVE,0,0,away
411,WIL,15,HG,CR,7,B,7/21/2026,NA,NA,NA,HL,NA,LIVE,0,0,away
411,WIL,15,HG,CR,7,C,7/21/2026,NA,NA,NA,HL,NA,LIVE,0,0,away
411,WIL,15,HG,CR,7,D,7/21/2026,NA,NA,NA,HL,NA,LIVE,0,0,away
411,WIL,15,HG,CR,7,E,7/21/2026,NA,NA,NA,HL,NA,LIVE,0,0,away
411,WIL,15,HG,CR,7,F,7/21/2026,NA,8/7-O,NA,HL,shiny white,LIVE,1,0,away
411,WIL,15,HG,CR,7,G,7/21/2026,8/13/2026,NA,NA,HL,shiny white,LIVE,0,1,away
412,WIL,15,HG,OH,8,A,7/21/2026,NA,8/7-O,NA,HL,NA,LIVE,1,0,away
412,WIL,15,HG,OH,8,B,7/21/2026,NA,7/25-O,NA,HL,white shiny circular,LIVE,1,0,away
412,WIL,15,HG,OH,8,C,7/21/2026,NA,NA,NA,HL,NA,LIVE,0,0,away
412,WIL,15,HG,OH,8,D,7/21/2026,NA,8/7-O,NA,HL,shiny white,LIVE,1,0,away
412,WIL,15,HG,OH,8,E,7/21/2026,NA,8/7-O,NA,HL,shiny white,LIVE,1,0,away
412,WIL,15,HG,OH,8,F,7/21/2026,NA,NA,NA,HL,NA,LIVE,0,0,away
412,WIL,15,HG,OH,8,G,7/21/2026,NA,NA,NA,HL,NA,LIVE,0,0,away
412,WIL,15,HG,OH,8,H,7/21/2026,NA,NA,NA,HL,NA,LIVE,0,0,away
416,WIL,17,HR,TI,6,A,7/21/2026,NA,NA,NA,HL,NA,DEAD,0,0,away
416,WIL,17,HR,TI,6,B,7/21/2026,8/17/2026,NA,NA,HL,NA,DEAD,0,1,away
416,WIL,17,HR,TI,6,C,7/21/2026,NA,NA,NA,HL,NA,DEAD,0,0,away
416,WIL,17,HR,TI,6,D,7/21/2026,NA,NA,NA,HL,NA,DEAD,0,0,away
416,WIL,17,HR,TI,6,E,7/21/2026,NA,NA,NA,HL,NA,DEAD,0,0,away
416,WIL,17,HR,TI,6,F,7/21/2026,NA,NA,NA,HL,NA,DEAD,0,0,away
415,WIL,17,HR,NG,8,A,7/21/2026,NA,NA,NA,HL,NA,DEAD,0,0,away
415,WIL,17,HR,NG,8,B,7/21/2026,NA,NA,NA,HL,NA,DEAD,0,0,away
415,WIL,17,HR,NG,8,C,7/21/2026,NA,NA,NA,HL,NA,DEAD,0,0,away
415,WIL,17,HR,NG,8,D,7/21/2026,NA,NA,NA,HL,NA,DEAD,0,0,away
415,WIL,17,HR,NG,8,E,7/21/2026,NA,NA,NA,HL,NA,DEAD,0,0,away
415,WIL,17,HR,NG,8,F,7/21/2026,NA,NA,NA,HL,NA,DEAD,0,0,away
415,WIL,17,HR,NG,8,G,7/21/2026,NA,NA,NA,HL,NA,DEAD,0,0,away
415,WIL,17,HR,NG,8,H,7/21/2026,NA,NA,NA,HL,NA,DEAD,0,0,away
414,WIL,17,HR,BB,8,A,7/21/2026,NA,NA,NA,HL,NA,DEAD,0,0,away
414,WIL,17,HR,BB,8,B,7/21/2026,NA,NA,NA,HL,NA,DEAD,0,0,away
414,WIL,17,HR,BB,8,C,7/21/2026,NA,NA,NA,HL,NA,DEAD,0,0,away
414,WIL,17,HR,BB,8,D,7/21/2026,NA,8/7-O/F,NA,HL,shiny white with spongy spots,DEAD,1,0,away
414,WIL,17,HR,BB,8,E,7/21/2026,NA,NA,NA,HL,NA,DEAD,0,0,away
414,WIL,17,HR,BB,8,F,7/21/2026,NA,NA,NA,HL,NA,DEAD,0,0,away
414,WIL,17,HR,BB,8,G,7/21/2026,NA,NA,NA,HL,NA,DEAD,0,0,away
414,WIL,17,HR,BB,8,H,7/21/2026,NA,NA,NA,HL,NA,DEAD,0,0,away
417,WIL,18,HR,HG,9,A,7/24/2026,NA,NA,NA,TN,NA,LIVE,0,0,away
417,WIL,18,HR,HG,9,B,7/24/2026,NA,NA,NA,TN,NA,LIVE,0,0,away
417,WIL,18,HR,HG,9,C,7/24/2026,NA,NA,NA,TN,NA,LIVE,0,0,away
417,WIL,18,HR,HG,9,D,7/24/2026,NA,8/7-O/F,NA,TN,shiny pink,LIVE,1,0,away
417,WIL,18,HR,HG,9,E,7/24/2026,NA,NA,NA,TN,NA,LIVE,0,0,away
417,WIL,18,HR,HG,9,F,7/24/2026,NA,NA,NA,TN,NA,LIVE,0,0,away
417,WIL,18,HR,HG,9,G,7/24/2026,NA,8/7-O/F,NA,TN,shiny pink,LIVE,1,0,away
417,WIL,18,HR,HG,9,H,7/24/2026,NA,NA,NA,TN,NA,LIVE,0,0,away
417,WIL,18,HR,HG,9,I,7/24/2026,NA,NA,NA,TN,NA,LIVE,0,0,away
419,WIL,20,SR,NG,4,A,7/24/2026,8/13/2026,NA,NA,TN,NA,DEAD,0,1,away
419,WIL,20,SR,NG,4,B,7/24/2026,NA,NA,NA,TN,NA,DEAD,0,0,away
419,WIL,20,SR,NG,4,C,7/24/2026,NA,NA,NA,TN,NA,DEAD,0,0,away
419,WIL,20,SR,NG,4,D,7/24/2026,NA,8/7-O,NA,TN,shiny black,DEAD,1,0,away
418,WIL,20,SR,BB,3,A,7/24/2026,NA,8/7-O,NA,TN,shiny white,DEAD,1,0,away
418,WIL,20,SR,BB,3,B,7/24/2026,NA,NA,NA,TN,NA,DEAD,0,0,away
418,WIL,20,SR,BB,3,C,7/24/2026,NA,NA,NA,TN,NA,DEAD,0,0,away
421,WIL,23,OH,OH,4,A,7/24/2026,NA,NA,NA,TN,NA,LIVE,0,0,home
421,WIL,23,OH,OH,4,B,7/24/2026,NA,NA,NA,TN,NA,LIVE,0,0,home
421,WIL,23,OH,OH,4,C,7/24/2026,NA,NA,NA,TN,NA,LIVE,0,0,home
421,WIL,23,OH,OH,4,D,7/24/2026,NA,NA,NA,TN,NA,LIVE,0,0,home
420,WIL,23,OH,HG,3,A,7/24/2026,8/13/2026,NA,NA,TN,NA,LIVE,0,1,away
420,WIL,23,OH,HG,3,B,7/24/2026,NA,NA,NA,TN,NA,LIVE,0,0,away
420,WIL,23,OH,HG,3,C,7/24/2026,NA,NA,NA,TN,missing,LIVE,0,0,away
424,WIL,25,RC,TI,3,A,7/24/2026,NA,NA,NA,TN,NA,LIVE,0,0,away
424,WIL,25,RC,TI,3,B,7/24/2026,NA,NA,NA,TN,NA,LIVE,0,0,away
424,WIL,25,RC,TI,3,C,7/24/2026,NA,NA,NA,TN,NA,LIVE,0,0,away
423,WIL,25,RC,NG,4,A,7/24/2026,NA,NA,NA,TN,NA,LIVE,0,0,away
423,WIL,25,RC,NG,4,B,7/24/2026,NA,NA,NA,TN,NA,LIVE,0,0,away
423,WIL,25,RC,NG,4,C,7/24/2026,NA,NA,NA,TN,NA,LIVE,0,0,away
423,WIL,25,RC,NG,4,D,7/24/2026,NA,NA,NA,TN,NA,LIVE,0,0,away
422,WIL,25,RC,BB,6,A,7/24/2026,8/13/2026,NA,NA,TN,NA,LIVE,0,1,away
422,WIL,25,RC,BB,6,B,7/24/2026,NA,NA,NA,TN,NA,LIVE,0,0,away
422,WIL,25,RC,BB,6,C,7/24/2026,8/7/2026,NA,NA,TN,NA,LIVE,0,1,away
422,WIL,25,RC,BB,6,D,7/24/2026,NA,NA,NA,TN,NA,LIVE,0,0,away
422,WIL,25,RC,BB,6,E,7/24/2026,NA,NA,NA,TN,NA,LIVE,0,0,away
422,WIL,25,RC,BB,6,F,7/24/2026,NA,NA,NA,TN,missing,LIVE,0,0,away
426,WIL,27,TI,TI,5,A,7/24/2026,NA,8/20-F,NA,TN,fluffy white,LIVE,1,0,home
426,WIL,27,TI,TI,5,B,7/24/2026,8/7/2026,NA,NA,TN,NA,LIVE,0,1,home
426,WIL,27,TI,TI,5,C,7/24/2026,NA,7/29-F,NA,TN,fluffy white- yellow at bottom,LIVE,1,0,home
426,WIL,27,TI,TI,5,D,7/24/2026,8/13/2026,8/20-F,NA,TN,fluffy white,LIVE,1,1,home
426,WIL,27,TI,TI,5,E,7/24/2026,NA,8/13-F,NA,TN,fluffy white,LIVE,1,0,home
425,WIL,27,TI,RC,5,A,7/24/2026,NA,NA,NA,TN,NA,LIVE,0,0,away
425,WIL,27,TI,RC,5,B,7/24/2026,NA,NA,NA,TN,NA,LIVE,0,0,away
425,WIL,27,TI,RC,5,C,7/24/2026,NA,NA,NA,TN,small/damaged seed,LIVE,0,0,away
425,WIL,27,TI,RC,5,D,7/24/2026,NA,NA,NA,TN,small/damaged seed,LIVE,0,0,away
425,WIL,27,TI,RC,5,E,7/24/2026,NA,NA,NA,TN,small/damaged seed,LIVE,0,0,away
429,WIL,28,HG,SR,3,A,7/24/2026,NA,NA,NA,TN,crushed- not plated,LIVE,0,0,away
429,WIL,28,HG,SR,3,B,7/24/2026,NA,NA,NA,TN,crushed- not plated,LIVE,0,0,away
429,WIL,28,HG,SR,3,C,7/24/2026,NA,NA,NA,TN,crushed- not plated,LIVE,0,0,away
427,WIL,28,HG,CR,8,A,7/24/2026,NA,NA,NA,TN,NA,LIVE,0,0,away
427,WIL,28,HG,CR,8,B,7/24/2026,NA,NA,NA,TN,NA,LIVE,0,0,away
427,WIL,28,HG,CR,8,C,7/24/2026,NA,NA,NA,TN,NA,LIVE,0,0,away
427,WIL,28,HG,CR,8,D,7/24/2026,NA,NA,NA,TN,NA,LIVE,0,0,away
427,WIL,28,HG,CR,8,E,7/24/2026,NA,NA,NA,TN,NA,LIVE,0,0,away
427,WIL,28,HG,CR,8,F,7/24/2026,NA,NA,NA,TN,NA,LIVE,0,0,away
427,WIL,28,HG,CR,8,G,7/24/2026,NA,NA,NA,TN,NA,LIVE,0,0,away
427,WIL,28,HG,CR,8,H,7/24/2026,NA,NA,NA,TN,NA,LIVE,0,0,away
428,WIL,28,HG,OH,5,A,7/24/2026,NA,NA,NA,TN,NA,LIVE,0,0,away
428,WIL,28,HG,OH,5,B,7/24/2026,NA,NA,NA,TN,NA,LIVE,0,0,away
428,WIL,28,HG,OH,5,C,7/24/2026,NA,NA,NA,TN,NA,LIVE,0,0,away
428,WIL,28,HG,OH,5,D,7/24/2026,NA,NA,NA,TN,NA,LIVE,0,0,away
428,WIL,28,HG,OH,5,E,7/24/2026,NA,NA,NA,TN,NA,LIVE,0,0,away
431,WIL,30,CR,TI,3,A,7/24/2026,NA,NA,NA,TN,NA,LIVE,0,0,away
431,WIL,30,CR,TI,3,B,7/24/2026,NA,NA,NA,TN,NA,LIVE,0,0,away
431,WIL,30,CR,TI,3,C,7/24/2026,NA,NA,NA,TN,NA,LIVE,0,0,away
430,WIL,30,CR,BB,5,A,7/24/2026,NA,NA,NA,TN,NA,LIVE,0,0,away
430,WIL,30,CR,BB,5,B,7/24/2026,NA,NA,NA,TN,NA,LIVE,0,0,away
430,WIL,30,CR,BB,5,C,7/24/2026,NA,NA,NA,TN,NA,LIVE,0,0,away
430,WIL,30,CR,BB,5,D,7/24/2026,NA,NA,NA,TN,NA,LIVE,0,0,away
430,WIL,30,CR,BB,5,E,7/24/2026,NA,NA,NA,TN,NA,LIVE,0,0,away
432,WIL,32,NG,NG,7,A,7/24/2026,NA,NA,NA,TN,NA,DEAD,0,0,home
432,WIL,32,NG,NG,7,B,7/24/2026,NA,NA,NA,TN,NA,DEAD,0,0,home
432,WIL,32,NG,NG,7,C,7/24/2026,NA,NA,NA,TN,NA,DEAD,0,0,home
432,WIL,32,NG,NG,7,D,7/24/2026,NA,NA,NA,TN,NA,DEAD,0,0,home
432,WIL,32,NG,NG,7,E,7/24/2026,9/4/2026,NA,NA,TN,NA,DEAD,0,1,home
432,WIL,32,NG,NG,7,F,7/24/2026,NA,NA,NA,TN,NA,DEAD,0,0,home
432,WIL,32,NG,NG,7,G,7/24/2026,NA,NA,NA,TN,NA,DEAD,0,0,home
433,WIL,32,NG,RC,3,A,7/24/2026,NA,NA,NA,TN,NA,DEAD,0,0,away
433,WIL,32,NG,RC,3,B,7/24/2026,NA,NA,NA,TN,NA,DEAD,0,0,away
433,WIL,32,NG,RC,3,C,7/24/2026,NA,NA,NA,TN,NA,DEAD,0,0,away
436,WIL,34,HG,SR,1,A,7/24/2026,NA,NA,NA,TN,NA,DEAD,0,0,away
434,WIL,34,HG,CR,6,A,7/24/2026,NA,NA,NA,TN,NA,DEAD,0,0,away
434,WIL,34,HG,CR,6,B,7/24/2026,NA,NA,NA,TN,NA,DEAD,0,0,away
434,WIL,34,HG,CR,6,C,7/24/2026,NA,NA,NA,TN,NA,DEAD,0,0,away
434,WIL,34,HG,CR,6,D,7/24/2026,NA,NA,NA,TN,NA,DEAD,0,0,away
434,WIL,34,HG,CR,6,E,7/24/2026,NA,NA,NA,TN,NA,DEAD,0,0,away
434,WIL,34,HG,CR,6,F,7/24/2026,NA,NA,NA,TN,NA,DEAD,0,0,away
435,WIL,34,HG,OH,2,A,7/24/2026,NA,NA,NA,TN,NA,DEAD,0,0,away
435,WIL,34,HG,OH,2,B,7/24/2026,NA,NA,NA,TN,NA,DEAD,0,0,away
437,WIL,36,HG,HR,10,A,7/28/2026,NA,NA,NA,HL,"HG missing, plated HR instead",LIVE,0,0,away
437,WIL,36,HG,HR,10,B,7/28/2026,NA,NA,NA,HL,NA,LIVE,0,0,away
437,WIL,36,HG,HR,10,C,7/28/2026,NA,NA,NA,HL,NA,LIVE,0,0,away
437,WIL,36,HG,HR,10,D,7/28/2026,NA,NA,NA,HL,NA,LIVE,0,0,away
437,WIL,36,HG,HR,10,E,7/28/2026,NA,NA,NA,HL,NA,LIVE,0,0,away
437,WIL,36,HG,HR,10,F,7/28/2026,NA,NA,NA,HL,NA,LIVE,0,0,away
437,WIL,36,HG,HR,10,G,7/28/2026,NA,NA,NA,HL,NA,LIVE,0,0,away
437,WIL,36,HG,HR,10,H,7/28/2026,NA,NA,NA,HL,NA,LIVE,0,0,away
437,WIL,36,HG,HR,10,I,7/28/2026,NA,NA,NA,HL,NA,LIVE,0,0,away
437,WIL,36,HG,HR,10,J,7/28/2026,NA,NA,NA,HL,NA,LIVE,0,0,away
438,WIL,39,CR,CR,5,A,7/28/2026,NA,8/7-O/F,NA,HL,gluey white,LIVE,1,0,home
438,WIL,39,CR,CR,5,B,7/28/2026,NA,NA,NA,HL,NA,LIVE,0,0,home
438,WIL,39,CR,CR,5,C,7/28/2026,NA,NA,NA,HL,NA,LIVE,0,0,home
438,WIL,39,CR,CR,5,D,7/28/2026,NA,NA,NA,HL,NA,LIVE,0,0,home
438,WIL,39,CR,CR,5,E,7/28/2026,NA,NA,NA,HL,NA,LIVE,0,0,home
439,WIL,39,CR,HG,5,A,7/28/2026,NA,NA,NA,HL,NA,LIVE,0,0,away
439,WIL,39,CR,HG,5,B,7/28/2026,NA,8/7-F,NA,HL,circular fluey white,LIVE,1,0,away
439,WIL,39,CR,HG,5,C,7/28/2026,NA,NA,NA,HL,NA,LIVE,0,0,away
439,WIL,39,CR,HG,5,D,7/28/2026,NA,NA,NA,HL,NA,LIVE,0,0,away
439,WIL,39,CR,HG,5,E,7/28/2026,NA,NA,NA,HL,NA,LIVE,0,0,away
440,WIL,42,SR,HG,5,A,7/28/2026,NA,8/7-O,NA,HL,shiny white,LIVE,1,0,away
440,WIL,42,SR,HG,5,B,7/28/2026,NA,8/7-O,NA,HL,shiny white,LIVE,1,0,away
440,WIL,42,SR,HG,5,C,7/28/2026,NA,NA,NA,HL,NA,LIVE,0,0,away
440,WIL,42,SR,HG,5,D,7/28/2026,NA,NA,NA,HL,NA,LIVE,0,0,away
440,WIL,42,SR,HG,5,E,7/28/2026,NA,NA,NA,HL,NA,LIVE,0,0,away
442,WIL,43,OH,TI,2,A,7/28/2026,NA,NA,NA,HL,NA,LIVE,0,0,away
442,WIL,43,OH,TI,2,B,7/28/2026,NA,NA,NA,HL,NA,LIVE,0,0,away
441,WIL,43,OH,NG,7,A,7/28/2026,NA,NA,NA,HL,NA,LIVE,0,0,away
441,WIL,43,OH,NG,7,B,7/28/2026,NA,NA,NA,HL,NA,LIVE,0,0,away
441,WIL,43,OH,NG,7,C,7/28/2026,NA,NA,NA,HL,NA,LIVE,0,0,away
441,WIL,43,OH,NG,7,D,7/28/2026,NA,NA,NA,HL,NA,LIVE,0,0,away
441,WIL,43,OH,NG,7,E,7/28/2026,NA,NA,NA,HL,NA,LIVE,0,0,away
441,WIL,43,OH,NG,7,F,7/28/2026,NA,NA,NA,HL,NA,LIVE,0,0,away
441,WIL,43,OH,NG,7,G,7/28/2026,NA,NA,NA,HL,NA,LIVE,0,0,away
444,WIL,44,NG,SR,6,A,7/28/2026,NA,8/7-O/F,NA,HL,shiny pink with spots,LIVE,1,0,away
444,WIL,44,NG,SR,6,B,7/28/2026,NA,8/7-O/F,NA,HL,shiny pink with spots,LIVE,1,0,away
444,WIL,44,NG,SR,6,C,7/28/2026,8/7/2026,8/7-O/F,NA,HL,shiny pink with spots,LIVE,1,1,away
444,WIL,44,NG,SR,6,D,7/28/2026,NA,8/7-O/F,NA,HL,shiny pink with spots,LIVE,1,0,away
444,WIL,44,NG,SR,6,E,7/28/2026,NA,8/7-O/F,NA,HL,shiny pink with spots,LIVE,1,0,away
444,WIL,44,NG,SR,6,F,7/28/2026,NA,NA,NA,HL,missing,LIVE,0,0,away
443,WIL,44,NG,OH,7,A,7/28/2026,NA,NA,NA,HL,NA,LIVE,0,0,away
443,WIL,44,NG,OH,7,B,7/28/2026,NA,NA,NA,HL,NA,LIVE,0,0,away
443,WIL,44,NG,OH,7,C,7/28/2026,NA,NA,NA,HL,NA,LIVE,0,0,away
443,WIL,44,NG,OH,7,D,7/28/2026,NA,8/7-O,NA,HL,gluey shiny white,LIVE,1,0,away
443,WIL,44,NG,OH,7,E,7/28/2026,8/13/2026,NA,NA,HL,NA,LIVE,0,1,away
443,WIL,44,NG,OH,7,F,7/28/2026,NA,8/7-O,NA,HL,gluey shiny white,LIVE,1,0,away
443,WIL,44,NG,OH,7,G,7/28/2026,NA,8/7-O,NA,HL,gluey shiny white,LIVE,1,0,away
446,WIL,46,BB,SR,4,A,7/28/2026,NA,NA,NA,HL,NA,DEAD,0,0,away
446,WIL,46,BB,SR,4,B,7/28/2026,NA,NA,NA,HL,NA,DEAD,0,0,away
446,WIL,46,BB,SR,4,C,7/28/2026,NA,NA,NA,HL,NA,DEAD,0,0,away
446,WIL,46,BB,SR,4,D,7/28/2026,NA,NA,NA,HL,NA,DEAD,0,0,away
445,WIL,46,BB,CR,6,A,7/28/2026,NA,NA,NA,HL,NA,DEAD,0,0,away
445,WIL,46,BB,CR,6,B,7/28/2026,NA,NA,NA,HL,NA,DEAD,0,0,away
445,WIL,46,BB,CR,6,C,7/28/2026,NA,NA,NA,HL,NA,DEAD,0,0,away
445,WIL,46,BB,CR,6,D,7/28/2026,NA,NA,NA,HL,NA,DEAD,0,0,away
445,WIL,46,BB,CR,6,E,7/28/2026,NA,NA,NA,HL,NA,DEAD,0,0,away
445,WIL,46,BB,CR,6,F,7/28/2026,NA,NA,NA,HL,NA,DEAD,0,0,away
448,WIL,49,BB,SR,1,A,7/28/2026,NA,NA,NA,HL,NA,LIVE,0,0,away
447,WIL,49,BB,CR,7,A,7/28/2026,NA,8/7-O,NA,HL,shiny white,LIVE,1,0,away
447,WIL,49,BB,CR,7,B,7/28/2026,NA,NA,NA,HL,NA,LIVE,0,0,away
447,WIL,49,BB,CR,7,C,7/28/2026,NA,NA,NA,HL,NA,LIVE,0,0,away
447,WIL,49,BB,CR,7,D,7/28/2026,NA,NA,NA,HL,NA,LIVE,0,0,away
447,WIL,49,BB,CR,7,E,7/28/2026,NA,NA,NA,HL,NA,LIVE,0,0,away
447,WIL,49,BB,CR,7,F,7/28/2026,NA,NA,NA,HL,NA,LIVE,0,0,away
447,WIL,49,BB,CR,7,G,7/28/2026,NA,NA,NA,HL,NA,LIVE,0,0,away
450,WIL,57,BB,SR,3,A,7/28/2026,NA,NA,NA,HL,NA,LIVE,0,0,away
450,WIL,57,BB,SR,3,B,7/28/2026,NA,NA,NA,HL,NA,LIVE,0,0,away
450,WIL,57,BB,SR,3,C,7/28/2026,NA,8/7-O,NA,HL,shiny white,LIVE,1,0,away
449,WIL,57,BB,CR,6,A,7/28/2026,NA,NA,NA,HL,NA,LIVE,0,0,away
449,WIL,57,BB,CR,6,B,7/28/2026,NA,NA,NA,HL,NA,LIVE,0,0,away
449,WIL,57,BB,CR,6,C,7/28/2026,NA,NA,NA,HL,NA,LIVE,0,0,away
449,WIL,57,BB,CR,6,D,7/28/2026,NA,NA,NA,HL,NA,LIVE,0,0,away
449,WIL,57,BB,CR,6,E,7/28/2026,NA,NA,NA,HL,NA,LIVE,0,0,away
449,WIL,57,BB,CR,6,F,7/28/2026,NA,NA,NA,HL,NA,LIVE,0,0,away
453,WIL,58,HR,TI,1,A,7/28/2026,NA,NA,NA,HL,NA,LIVE,0,0,away
452,WIL,58,HR,NG,1,A,7/28/2026,NA,NA,NA,HL,NA,LIVE,0,0,away
451,WIL,58,HR,BB,6,A,7/28/2026,NA,NA,NA,HL,NA,LIVE,0,0,away
451,WIL,58,HR,BB,6,B,7/28/2026,NA,NA,NA,HL,NA,LIVE,0,0,away
451,WIL,58,HR,BB,6,C,7/28/2026,NA,NA,NA,HL,NA,LIVE,0,0,away
451,WIL,58,HR,BB,6,D,7/28/2026,NA,8/13-O,NA,HL,shiny white,LIVE,1,0,away
451,WIL,58,HR,BB,6,E,7/28/2026,8/7/2026,NA,NA,HL,NA,LIVE,0,1,away
451,WIL,58,HR,BB,6,F,7/28/2026,8/7/2026,NA,NA,HL,NA,LIVE,0,1,away
454,WIL,59,HG,HG,7,A,7/29/2026,NA,NA,NA,TN,NA,LIVE,0,0,home
454,WIL,59,HG,HG,7,B,7/29/2026,NA,NA,NA,TN,NA,LIVE,0,0,home
454,WIL,59,HG,HG,7,C,7/29/2026,NA,NA,NA,TN,NA,LIVE,0,0,home
454,WIL,59,HG,HG,7,D,7/29/2026,NA,9/4-O/F,NA,TN,shiny white,LIVE,1,0,home
454,WIL,59,HG,HG,7,E,7/29/2026,NA,NA,NA,TN,NA,LIVE,0,0,home
454,WIL,59,HG,HG,7,F,7/29/2026,NA,NA,NA,TN,NA,LIVE,0,0,home
454,WIL,59,HG,HG,7,G,7/29/2026,NA,NA,NA,TN,missing,LIVE,0,0,home
455,WIL,60,HR,HG,3,A,7/29/2026,NA,NA,NA,TN,NA,DEAD,0,0,away
455,WIL,60,HR,HG,3,B,7/29/2026,NA,NA,NA,TN,NA,DEAD,0,0,away
455,WIL,60,HR,HG,3,C,7/29/2026,NA,NA,NA,TN,missing,DEAD,0,0,away
456,WIL,62,CR,CR,5,A,7/29/2026,NA,NA,NA,TN,NA,LIVE,0,0,home
456,WIL,62,CR,CR,5,B,7/29/2026,NA,8/7-O/F,NA,TN,shiny white,LIVE,1,0,home
456,WIL,62,CR,CR,5,C,7/29/2026,NA,8/7-O,NA,TN,shiny yellow,LIVE,1,0,home
456,WIL,62,CR,CR,5,D,7/29/2026,NA,8/7-O,NA,TN,shiny yellow,LIVE,1,0,home
456,WIL,62,CR,CR,5,E,7/29/2026,NA,NA,NA,TN,NA,LIVE,0,0,home
457,WIL,62,CR,HG,8,A,7/29/2026,NA,8/7-O,NA,TN,shiny white,LIVE,1,0,away
457,WIL,62,CR,HG,8,B,7/29/2026,NA,8/7-O,NA,TN,shiny white,LIVE,1,0,away
457,WIL,62,CR,HG,8,C,7/29/2026,NA,NA,NA,TN,NA,LIVE,0,0,away
457,WIL,62,CR,HG,8,D,7/29/2026,NA,NA,NA,TN,NA,LIVE,0,0,away
457,WIL,62,CR,HG,8,E,7/29/2026,NA,NA,NA,TN,NA,LIVE,0,0,away
457,WIL,62,CR,HG,8,F,7/29/2026,NA,8/7-O,NA,TN,shiny white,LIVE,1,0,away
457,WIL,62,CR,HG,8,G,7/29/2026,NA,NA,NA,TN,NA,LIVE,0,0,away
457,WIL,62,CR,HG,8,H,7/29/2026,NA,NA,NA,TN,NA,LIVE,0,0,away
460,WIL,66,RC,TI,2,A,7/29/2026,NA,NA,NA,TN,NA,LIVE,0,0,away
460,WIL,66,RC,TI,2,B,7/29/2026,NA,NA,NA,TN,NA,LIVE,0,0,away
459,WIL,66,RC,NG,4,A,7/29/2026,NA,NA,NA,TN,NA,LIVE,0,0,away
459,WIL,66,RC,NG,4,B,7/29/2026,NA,NA,NA,TN,NA,LIVE,0,0,away
459,WIL,66,RC,NG,4,C,7/29/2026,NA,NA,NA,TN,NA,LIVE,0,0,away
459,WIL,66,RC,NG,4,D,7/29/2026,NA,NA,NA,TN,NA,LIVE,0,0,away
458,WIL,66,RC,BB,5,A,7/29/2026,NA,8/7-F,NA,TN,fluffy black,LIVE,1,0,away
458,WIL,66,RC,BB,5,B,7/29/2026,NA,8/7-F,NA,TN,fluffy black,LIVE,1,0,away
458,WIL,66,RC,BB,5,C,7/29/2026,NA,8/7-F,NA,TN,fluffy black,LIVE,1,0,away
458,WIL,66,RC,BB,5,D,7/29/2026,NA,8/7-F,NA,TN,fluffy black,LIVE,1,0,away
458,WIL,66,RC,BB,5,E,7/29/2026,NA,8/7-F,NA,TN,fluffy pink and white,LIVE,1,0,away
461,WIL,71,HR,TI,5,A,7/29/2026,NA,NA,NA,TN,NA,LIVE,0,0,away
461,WIL,71,HR,TI,5,B,7/29/2026,NA,NA,NA,TN,NA,LIVE,0,0,away
461,WIL,71,HR,TI,5,C,7/29/2026,NA,NA,NA,TN,NA,LIVE,0,0,away
461,WIL,71,HR,TI,5,D,7/29/2026,8/13/2026,NA,NA,TN,NA,LIVE,0,1,away
461,WIL,71,HR,TI,5,E,7/29/2026,NA,NA,NA,TN,seed not intact- not plated,LIVE,0,0,away
463,WIL,72,NG,SR,4,A,7/29/2026,8/7/2026,NA,NA,TN,NA,DEAD,0,1,away
463,WIL,72,NG,SR,4,B,7/29/2026,NA,NA,NA,TN,NA,DEAD,0,0,away
463,WIL,72,NG,SR,4,C,7/29/2026,8/7/2026,NA,NA,TN,NA,DEAD,0,1,away
463,WIL,72,NG,SR,4,D,7/29/2026,NA,NA,NA,TN,NA,DEAD,0,0,away
462,WIL,72,NG,OH,2,A,7/29/2026,NA,NA,NA,TN,NA,DEAD,0,0,away
462,WIL,72,NG,OH,2,B,7/29/2026,NA,NA,NA,TN,NA,DEAD,0,0,away
465,WIL,74,OH,TI,4,A,7/29/2026,NA,NA,NA,TN,NA,DEAD,0,0,away
465,WIL,74,OH,TI,4,B,7/29/2026,8/7/2026,8/7-O,NA,TN,nasty gluey brown and white,DEAD,1,1,away
465,WIL,74,OH,TI,4,C,7/29/2026,NA,NA,NA,TN,NA,DEAD,0,0,away
465,WIL,74,OH,TI,4,D,7/29/2026,NA,NA,NA,TN,missing,DEAD,0,0,away
464,WIL,74,OH,NG,6,A,7/29/2026,NA,8/7-O/F,NA,TN,shiny black,DEAD,1,0,away
464,WIL,74,OH,NG,6,B,7/29/2026,NA,8/7-O/F,NA,TN,shiny pink- secondary growth on 8/13,DEAD,1,0,away
464,WIL,74,OH,NG,6,C,7/29/2026,NA,8/7-O/F,NA,TN,shiny pink- secondary growth on 8/13,DEAD,1,0,away
464,WIL,74,OH,NG,6,D,7/29/2026,NA,8/7-O/F,NA,TN,shiny black,DEAD,1,0,away
464,WIL,74,OH,NG,6,E,7/29/2026,NA,8/7-O/F,NA,TN,shiny black,DEAD,1,0,away
464,WIL,74,OH,NG,6,F,7/29/2026,NA,NA,NA,TN,missing,DEAD,0,0,away
467,WIL,78,TI,TI,5,A,7/29/2026,NA,NA,NA,TN,tube not found,DEAD,0,0,home
467,WIL,78,TI,TI,5,B,7/29/2026,NA,NA,NA,TN,tube not found,DEAD,0,0,home
467,WIL,78,TI,TI,5,C,7/29/2026,NA,NA,NA,TN,tube not found,DEAD,0,0,home
467,WIL,78,TI,TI,5,D,7/29/2026,NA,NA,NA,TN,tube not found,DEAD,0,0,home
467,WIL,78,TI,TI,5,E,7/29/2026,NA,NA,NA,TN,tube not found,DEAD,0,0,home
466,WIL,78,TI,RC,7,A,7/29/2026,NA,NA,NA,TN,tube not found,DEAD,0,0,away
466,WIL,78,TI,RC,7,B,7/29/2026,NA,NA,NA,TN,tube not found,DEAD,0,0,away
466,WIL,78,TI,RC,7,C,7/29/2026,NA,NA,NA,TN,tube not found,DEAD,0,0,away
466,WIL,78,TI,RC,7,D,7/29/2026,NA,NA,NA,TN,tube not found,DEAD,0,0,away
466,WIL,78,TI,RC,7,E,7/29/2026,NA,NA,NA,TN,tube not found,DEAD,0,0,away
466,WIL,78,TI,RC,7,F,7/29/2026,NA,NA,NA,TN,tube not found,DEAD,0,0,away
466,WIL,78,TI,RC,7,G,7/29/2026,NA,NA,NA,TN,tube not found,DEAD,0,0,away
469,WIL,81,NG,SR,5,A,7/29/2026,NA,8/7-O,NA,TN,shiny white,LIVE,1,0,away
469,WIL,81,NG,SR,5,B,7/29/2026,NA,8/7-O,NA,TN,shiny yellow with spots,LIVE,1,0,away
469,WIL,81,NG,SR,5,C,7/29/2026,NA,8/7-O,NA,TN,shiny yellow with spots,LIVE,1,0,away
469,WIL,81,NG,SR,5,D,7/29/2026,NA,8/7-O,NA,TN,shiny yellow with spots,LIVE,1,0,away
469,WIL,81,NG,SR,5,E,7/29/2026,8/7/2026,8/7-O,NA,TN,shiny yellow with spots,LIVE,1,1,away
468,WIL,81,NG,OH,2,A,7/29/2026,NA,NA,NA,TN,NA,LIVE,0,0,away
468,WIL,81,NG,OH,2,B,7/29/2026,NA,NA,NA,TN,NA,LIVE,0,0,away
470,WIL,82,CR,TI,1,A,7/29/2026,NA,NA,NA,TN,NA,LIVE,0,0,away
472,WIL,84,TI,TI,8,A,7/29/2026,NA,NA,NA,TN,NA,LIVE,0,0,home
472,WIL,84,TI,TI,8,B,7/29/2026,NA,NA,NA,TN,NA,LIVE,0,0,home
472,WIL,84,TI,TI,8,C,7/29/2026,NA,NA,NA,TN,NA,LIVE,0,0,home
472,WIL,84,TI,TI,8,D,7/29/2026,NA,NA,NA,TN,NA,LIVE,0,0,home
472,WIL,84,TI,TI,8,E,7/29/2026,NA,NA,NA,TN,NA,LIVE,0,0,home
472,WIL,84,TI,TI,8,F,7/29/2026,NA,NA,NA,TN,NA,LIVE,0,0,home
472,WIL,84,TI,TI,8,G,7/29/2026,NA,NA,NA,TN,NA,LIVE,0,0,home
472,WIL,84,TI,TI,8,H,7/29/2026,NA,NA,NA,TN,NA,LIVE,0,0,home
471,WIL,84,TI,RC,5,A,7/29/2026,NA,8/7-O,NA,TN,shiny black,LIVE,1,0,away
471,WIL,84,TI,RC,5,B,7/29/2026,NA,NA,NA,TN,NA,LIVE,0,0,away
471,WIL,84,TI,RC,5,C,7/29/2026,8/13/2026,NA,NA,TN,NA,LIVE,0,1,away
471,WIL,84,TI,RC,5,D,7/29/2026,NA,8/7-O,NA,TN,shiny white,LIVE,1,0,away
471,WIL,84,TI,RC,5,E,7/29/2026,NA,8/7-O,NA,TN,shiny white,LIVE,1,0,away
474,WIL,88,OH,OH,6,A,7/29/2026,NA,NA,NA,TN,NA,LIVE,0,0,home
474,WIL,88,OH,OH,6,B,7/29/2026,NA,NA,NA,TN,NA,LIVE,0,0,home
474,WIL,88,OH,OH,6,C,7/29/2026,NA,NA,NA,TN,NA,LIVE,0,0,home
474,WIL,88,OH,OH,6,D,7/29/2026,NA,NA,NA,TN,NA,LIVE,0,0,home
474,WIL,88,OH,OH,6,E,7/29/2026,NA,NA,NA,TN,NA,LIVE,0,0,home
474,WIL,88,OH,OH,6,F,7/29/2026,NA,NA,NA,TN,NA,LIVE,0,0,home
473,WIL,88,OH,HG,4,A,7/29/2026,NA,NA,NA,TN,NA,LIVE,0,0,away
473,WIL,88,OH,HG,4,B,7/29/2026,NA,NA,NA,TN,NA,LIVE,0,0,away
473,WIL,88,OH,HG,4,C,7/29/2026,8/7/2026,NA,NA,TN,NA,LIVE,0,1,away
473,WIL,88,OH,HG,4,D,7/29/2026,8/13/2026,NA,NA,TN,NA,LIVE,0,1,away
475,WIL,97,TI,CR,6,A,7/29/2026,NA,NA,NA,TN,NA,DEAD,0,0,away
475,WIL,97,TI,CR,6,B,7/29/2026,NA,NA,NA,TN,NA,DEAD,0,0,away
475,WIL,97,TI,CR,6,C,7/29/2026,NA,8/7-O,NA,TN,shiny black,DEAD,1,0,away
475,WIL,97,TI,CR,6,D,7/29/2026,NA,NA,NA,TN,NA,DEAD,0,0,away
475,WIL,97,TI,CR,6,E,7/29/2026,NA,NA,NA,TN,NA,DEAD,0,0,away
475,WIL,97,TI,CR,6,F,7/29/2026,NA,NA,NA,TN,NA,DEAD,0,0,away
476,WIL,97,TI,OH,10,A,7/29/2026,NA,NA,NA,TN,NA,DEAD,0,0,away
476,WIL,97,TI,OH,10,B,7/29/2026,NA,NA,NA,TN,NA,DEAD,0,0,away
476,WIL,97,TI,OH,10,C,7/29/2026,NA,8/7-O,NA,TN,shiny black,DEAD,1,0,away
476,WIL,97,TI,OH,10,D,7/29/2026,NA,NA,NA,TN,NA,DEAD,0,0,away
476,WIL,97,TI,OH,10,E,7/29/2026,NA,8/7-O,NA,TN,shiny black,DEAD,1,0,away
476,WIL,97,TI,OH,10,F,7/29/2026,NA,NA,NA,TN,NA,DEAD,0,0,away
476,WIL,97,TI,OH,10,G,7/29/2026,NA,NA,NA,TN,NA,DEAD,0,0,away
476,WIL,97,TI,OH,10,H,7/29/2026,NA,NA,NA,TN,NA,DEAD,0,0,away
476,WIL,97,TI,OH,10,I,7/29/2026,NA,NA,NA,TN,NA,DEAD,0,0,away
476,WIL,97,TI,OH,10,J,7/29/2026,NA,NA,NA,TN,NA,DEAD,0,0,away
477,WIL,101,HG,HG,7,A,7/29/2026,NA,8/7-O/F,NA,HL,shiny yellow,DEAD,1,0,home
477,WIL,101,HG,HG,7,B,7/29/2026,NA,8/7-O/F,NA,HL,shiny yellow,DEAD,1,0,home
477,WIL,101,HG,HG,7,C,7/29/2026,NA,8/7-F,NA,HL,shiny yellow with filamentous shape,DEAD,1,0,home
477,WIL,101,HG,HG,7,D,7/29/2026,NA,8/7-O/F,NA,HL,shiny yellow,DEAD,1,0,home
477,WIL,101,HG,HG,7,E,7/29/2026,NA,NA,NA,HL,NA,DEAD,0,0,home
477,WIL,101,HG,HG,7,F,7/29/2026,NA,NA,NA,HL,NA,DEAD,0,0,home
477,WIL,101,HG,HG,7,G,7/29/2026,NA,NA,NA,HL,missing,DEAD,0,0,home
478,WIL,105,NG,NG,3,A,7/29/2026,NA,NA,NA,HL,NA,LIVE,0,0,home
478,WIL,105,NG,NG,3,B,7/29/2026,NA,NA,NA,HL,NA,LIVE,0,0,home
478,WIL,105,NG,NG,3,C,7/29/2026,NA,NA,NA,HL,NA,LIVE,0,0,home
479,WIL,105,NG,RC,2,A,7/29/2026,NA,8/7-O,NA,HL,shiny yellow with brown spots,LIVE,1,0,away
479,WIL,105,NG,RC,2,B,7/29/2026,NA,8/7-O,NA,HL,shiny yellow with brown spots,LIVE,1,0,away
480,WIL,106,RC,RC,1,A,7/29/2026,NA,NA,NA,HL,NA,DEAD,0,0,home
482,WIL,107,OH,TI,2,A,7/29/2026,NA,8/7-O/F,NA,HL,shiny pink,LIVE,1,0,away
482,WIL,107,OH,TI,2,B,7/29/2026,8/7/2026,NA,NA,HL,NA,LIVE,0,1,away
481,WIL,107,OH,NG,2,A,7/29/2026,NA,8/7-F,NA,HL,fluffy white,LIVE,1,0,away
481,WIL,107,OH,NG,2,B,7/29/2026,NA,8/7-O,NA,HL,shiny pink,LIVE,1,0,away
484,WIL,109,SR,NG,5,A,7/29/2026,NA,NA,NA,HL,NA,LIVE,0,0,away
484,WIL,109,SR,NG,5,B,7/29/2026,NA,NA,NA,HL,NA,LIVE,0,0,away
484,WIL,109,SR,NG,5,C,7/29/2026,NA,NA,NA,HL,NA,LIVE,0,0,away
484,WIL,109,SR,NG,5,D,7/29/2026,NA,NA,NA,HL,NA,LIVE,0,0,away
484,WIL,109,SR,NG,5,E,7/29/2026,NA,NA,NA,HL,NA,LIVE,0,0,away
483,WIL,109,SR,BB,6,A,7/29/2026,NA,NA,NA,HL,NA,LIVE,0,0,away
483,WIL,109,SR,BB,6,B,7/29/2026,NA,NA,NA,HL,NA,LIVE,0,0,away
483,WIL,109,SR,BB,6,C,7/29/2026,NA,NA,NA,HL,NA,LIVE,0,0,away
483,WIL,109,SR,BB,6,D,7/29/2026,NA,NA,NA,HL,NA,LIVE,0,0,away
483,WIL,109,SR,BB,6,E,7/29/2026,NA,NA,NA,HL,NA,LIVE,0,0,away
483,WIL,109,SR,BB,6,F,7/29/2026,NA,NA,NA,HL,NA,LIVE,0,0,away
485,WIL,113,TI,CR,9,A,7/29/2026,NA,NA,NA,HL,NA,LIVE,0,0,away
485,WIL,113,TI,CR,9,B,7/29/2026,NA,8/13-O,NA,HL,shiny pinkish,LIVE,1,0,away
485,WIL,113,TI,CR,9,C,7/29/2026,NA,NA,NA,HL,NA,LIVE,0,0,away
485,WIL,113,TI,CR,9,D,7/29/2026,NA,NA,NA,HL,NA,LIVE,0,0,away
485,WIL,113,TI,CR,9,E,7/29/2026,NA,NA,NA,HL,NA,LIVE,0,0,away
485,WIL,113,TI,CR,9,F,7/29/2026,NA,NA,NA,HL,NA,LIVE,0,0,away
485,WIL,113,TI,CR,9,G,7/29/2026,NA,NA,NA,HL,NA,LIVE,0,0,away
485,WIL,113,TI,CR,9,H,7/29/2026,NA,NA,NA,HL,NA,LIVE,0,0,away
485,WIL,113,TI,CR,9,I,7/29/2026,NA,NA,NA,HL,missing,LIVE,0,0,away
486,WIL,113,TI,OH,10,A,7/29/2026,NA,8/7-O,NA,HL,shiny white,LIVE,1,0,away
486,WIL,113,TI,OH,10,B,7/29/2026,NA,8/7-O,NA,HL,shiny white,LIVE,1,0,away
486,WIL,113,TI,OH,10,C,7/29/2026,8/7/2026,NA,NA,HL,NA,LIVE,0,1,away
486,WIL,113,TI,OH,10,D,7/29/2026,NA,8/7-O,NA,HL,shiny white,LIVE,1,0,away
486,WIL,113,TI,OH,10,E,7/29/2026,NA,8/7-O,NA,HL,shiny white,LIVE,1,0,away
486,WIL,113,TI,OH,10,F,7/29/2026,NA,NA,NA,HL,NA,LIVE,0,0,away
486,WIL,113,TI,OH,10,G,7/29/2026,NA,NA,NA,HL,NA,LIVE,0,0,away
486,WIL,113,TI,OH,10,H,7/29/2026,NA,8/7-O,NA,HL,shiny white,LIVE,1,0,away
486,WIL,113,TI,OH,10,I,7/29/2026,NA,NA,NA,HL,NA,LIVE,0,0,away
486,WIL,113,TI,OH,10,J,7/29/2026,NA,NA,NA,HL,NA,LIVE,0,0,away
487,WIL,114,RC,RC,5,A,7/29/2026,NA,NA,NA,TN,NA,LIVE,0,0,home
487,WIL,114,RC,RC,5,B,7/29/2026,NA,NA,NA,TN,NA,LIVE,0,0,home
487,WIL,114,RC,RC,5,C,7/29/2026,NA,NA,NA,TN,NA,LIVE,0,0,home
487,WIL,114,RC,RC,5,D,7/29/2026,NA,NA,NA,TN,NA,LIVE,0,0,home
487,WIL,114,RC,RC,5,E,7/29/2026,NA,NA,NA,TN,NA,LIVE,0,0,home
488,WIL,115,TI,CR,6,A,7/29/2026,NA,NA,NA,TN,NA,LIVE,0,0,away
488,WIL,115,TI,CR,6,B,7/29/2026,NA,NA,NA,TN,NA,LIVE,0,0,away
488,WIL,115,TI,CR,6,C,7/29/2026,NA,8/7-O,NA,TN,shiny pink,LIVE,1,0,away
488,WIL,115,TI,CR,6,D,7/29/2026,NA,8/7-O,NA,TN,shiny pink,LIVE,1,0,away
488,WIL,115,TI,CR,6,E,7/29/2026,NA,NA,NA,TN,NA,LIVE,0,0,away
488,WIL,115,TI,CR,6,F,7/29/2026,NA,8/7-O,NA,TN,shiny pink,LIVE,1,0,away
489,WIL,115,TI,OH,6,A,7/29/2026,NA,NA,NA,TN,NA,LIVE,0,0,away
489,WIL,115,TI,OH,6,B,7/29/2026,NA,NA,NA,TN,NA,LIVE,0,0,away
489,WIL,115,TI,OH,6,C,7/29/2026,NA,8/7-O/F,NA,TN,shiny white,LIVE,1,0,away
489,WIL,115,TI,OH,6,D,7/29/2026,NA,NA,NA,TN,NA,LIVE,0,0,away
489,WIL,115,TI,OH,6,E,7/29/2026,NA,NA,NA,TN,NA,LIVE,0,0,away
489,WIL,115,TI,OH,6,F,7/29/2026,NA,NA,NA,TN,NA,LIVE,0,0,away
490,WIL,116,BB,BB,6,A,7/29/2026,NA,NA,NA,TN,NA,DEAD,0,0,home
490,WIL,116,BB,BB,6,B,7/29/2026,NA,NA,NA,TN,NA,DEAD,0,0,home
490,WIL,116,BB,BB,6,C,7/29/2026,NA,NA,NA,TN,NA,DEAD,0,0,home
490,WIL,116,BB,BB,6,D,7/29/2026,NA,NA,NA,TN,NA,DEAD,0,0,home
490,WIL,116,BB,BB,6,E,7/29/2026,NA,NA,NA,TN,NA,DEAD,0,0,home
490,WIL,116,BB,BB,6,F,7/29/2026,NA,NA,NA,TN,NA,DEAD,0,0,home
491,WIL,116,BB,RC,7,A,7/29/2026,NA,NA,NA,TN,NA,DEAD,0,0,away
491,WIL,116,BB,RC,7,B,7/29/2026,NA,NA,NA,TN,NA,DEAD,0,0,away
491,WIL,116,BB,RC,7,C,7/29/2026,NA,NA,NA,TN,NA,DEAD,0,0,away
491,WIL,116,BB,RC,7,D,7/29/2026,NA,NA,NA,TN,NA,DEAD,0,0,away
491,WIL,116,BB,RC,7,E,7/29/2026,NA,NA,NA,TN,NA,DEAD,0,0,away
491,WIL,116,BB,RC,7,F,7/29/2026,NA,NA,NA,TN,NA,DEAD,0,0,away
491,WIL,116,BB,RC,7,G,7/29/2026,NA,NA,NA,TN,NA,DEAD,0,0,away
494,WIL,117,RC,TI,1,A,7/29/2026,NA,NA,NA,TN,NA,DEAD,0,0,away
493,WIL,117,RC,NG,4,A,7/29/2026,8/13/2026,NA,NA,TN,NA,DEAD,0,1,away
493,WIL,117,RC,NG,4,B,7/29/2026,NA,8/7-O,NA,TN,shiny greenish brown,DEAD,1,0,away
493,WIL,117,RC,NG,4,C,7/29/2026,8/7/2026,NA,NA,TN,NA,DEAD,0,1,away
493,WIL,117,RC,NG,4,D,7/29/2026,NA,8/7-O,NA,TN,shiny greenish brown,DEAD,1,0,away
492,WIL,117,RC,BB,4,A,7/29/2026,NA,8/7-O,NA,TN,shiny pink,DEAD,1,0,away
492,WIL,117,RC,BB,4,B,7/29/2026,8/7/2026,8/13-O,NA,TN,shiny pink,DEAD,1,1,away
492,WIL,117,RC,BB,4,C,7/29/2026,NA,8/7-O,NA,TN,shiny pink,DEAD,1,0,away
492,WIL,117,RC,BB,4,D,7/29/2026,NA,8/7-O,NA,TN,shiny brown,DEAD,1,0,away
495,WIL,118,CR,CR,8,A,7/29/2026,NA,NA,NA,TN,NA,DEAD,0,0,home
495,WIL,118,CR,CR,8,B,7/29/2026,NA,NA,NA,TN,NA,DEAD,0,0,home
495,WIL,118,CR,CR,8,C,7/29/2026,8/7/2026,NA,NA,TN,NA,DEAD,0,1,home
495,WIL,118,CR,CR,8,D,7/29/2026,NA,NA,NA,TN,NA,DEAD,0,0,home
495,WIL,118,CR,CR,8,E,7/29/2026,NA,NA,NA,TN,NA,DEAD,0,0,home
495,WIL,118,CR,CR,8,F,7/29/2026,NA,NA,NA,TN,NA,DEAD,0,0,home
495,WIL,118,CR,CR,8,G,7/29/2026,8/13/2026,NA,NA,TN,NA,DEAD,0,1,home
495,WIL,118,CR,CR,8,H,7/29/2026,8/13/2026,NA,NA,TN,NA,DEAD,0,1,home
496,WIL,118,CR,HG,8,A,7/29/2026,NA,8/7-O,NA,TN,shiny white,DEAD,1,0,away
496,WIL,118,CR,HG,8,B,7/29/2026,NA,8/7-O,NA,TN,shiny white,DEAD,1,0,away
496,WIL,118,CR,HG,8,C,7/29/2026,NA,8/7-O,NA,TN,shiny white,DEAD,1,0,away
496,WIL,118,CR,HG,8,D,7/29/2026,NA,8/7-O,NA,TN,shiny white,DEAD,1,0,away
496,WIL,118,CR,HG,8,E,7/29/2026,NA,NA,NA,TN,NA,DEAD,0,0,away
496,WIL,118,CR,HG,8,F,7/29/2026,NA,NA,NA,TN,NA,DEAD,0,0,away
496,WIL,118,CR,HG,8,G,7/29/2026,NA,NA,NA,TN,NA,DEAD,0,0,away
496,WIL,118,CR,HG,8,H,7/29/2026,NA,NA,NA,TN,NA,DEAD,0,0,away
